,ID,EP1,EP2,Bandwidth,PacketsFlowing(1Kb),DayOfTheWeek,TimeHour,Weight
0,0,0,1,50,17,Sunday,0,1.4709999999999999
1,1,0,2,50,19,Sunday,0,1.316
2,2,0,3,60,13,Sunday,0,2.3080000000000003
3,3,1,2,130,16,Sunday,0,4.1026
4,4,1,7,130,23,Sunday,0,2.826
5,5,2,5,60,12,Sunday,0,2.5
6,6,3,4,110,24,Sunday,0,2.2920000000000003
7,7,3,10,100,22,Sunday,0,2.273
8,8,4,5,140,53,Sunday,0,1.3364
9,9,4,6,80,19,Sunday,0,2.105
10,10,5,8,90,14,Sunday,0,3.2139999999999995
11,11,5,12,130,19,Sunday,0,3.4122
12,12,6,7,50,14,Sunday,0,1.786
13,13,7,9,120,17,Sunday,0,3.5095
14,14,8,9,110,15,Sunday,0,3.644100000000001
15,15,9,11,110,28,Sunday,0,1.9503999999999997
16,16,9,13,80,22,Sunday,0,1.8180000000000003
17,17,10,11,50,10,Sunday,0,2.5
18,18,10,13,50,18,Sunday,0,1.3889999999999998
19,19,11,12,100,29,Sunday,0,1.7183
20,20,0,1,100,29,Sunday,2,1.7126000000000001
21,21,0,2,50,11,Sunday,2,2.273
22,22,0,3,120,43,Sunday,2,1.4053
23,23,1,2,60,7,Sunday,2,4.3574
24,24,1,7,120,13,Sunday,2,4.587700000000001
25,25,2,5,80,29,Sunday,2,1.3851
26,26,3,4,90,23,Sunday,2,1.9487999999999999
27,27,3,10,60,17,Sunday,2,1.7650000000000001
28,28,4,5,110,17,Sunday,2,3.2577
29,29,4,6,90,22,Sunday,2,2.0450000000000004
30,30,5,8,50,9,Sunday,2,2.7779999999999996
31,31,5,12,60,6,Sunday,2,4.9167000000000005
32,32,6,7,110,41,Sunday,2,1.3775
33,33,7,9,140,55,Sunday,2,1.2975999999999999
34,34,8,9,90,24,Sunday,2,1.875
35,35,9,11,130,49,Sunday,2,1.3249
36,36,9,13,140,29,Sunday,2,2.3978000000000006
37,37,10,11,110,16,Sunday,2,3.4177
38,38,10,13,70,8,Sunday,2,4.375
39,39,11,12,140,19,Sunday,2,3.6766999999999994
40,40,0,1,60,7,Sunday,4,4.3574
41,41,0,2,140,41,Sunday,4,1.6551000000000002
42,42,0,3,70,7,Sunday,4,5.0
43,43,1,2,110,12,Sunday,4,4.624699999999999
44,44,1,7,80,31,Sunday,4,1.3016
45,45,2,5,60,17,Sunday,4,1.7650000000000001
46,46,3,4,50,19,Sunday,4,1.316
47,47,3,10,120,35,Sunday,4,1.7018999999999997
48,48,4,5,140,51,Sunday,4,1.3730000000000004
49,49,4,6,140,15,Sunday,4,4.6378
50,50,5,8,110,19,Sunday,4,2.8966
51,51,5,12,60,20,Sunday,4,1.5
52,52,6,7,80,31,Sunday,4,1.3016
53,53,7,9,60,21,Sunday,4,1.429
54,54,8,9,50,7,Sunday,4,3.571
55,55,9,11,60,22,Sunday,4,1.3640000000000003
56,56,9,13,70,12,Sunday,4,2.8945
57,57,10,11,130,21,Sunday,4,3.1229
58,58,10,13,80,10,Sunday,4,4.0
59,59,11,12,90,14,Sunday,4,3.2139999999999995
60,60,0,1,70,26,Sunday,6,1.3459999999999999
61,61,0,2,90,29,Sunday,6,1.5363999999999998
62,62,0,3,140,50,Sunday,6,1.4060000000000001
63,63,1,2,130,13,Sunday,6,4.9643
64,64,1,7,50,13,Sunday,6,1.9230000000000005
65,65,2,5,130,27,Sunday,6,2.4442
66,66,3,4,140,44,Sunday,6,1.5797999999999996
67,67,3,10,110,33,Sunday,6,1.6872999999999998
68,68,4,5,100,11,Sunday,6,4.4354000000000005
69,69,4,6,110,27,Sunday,6,2.0406999999999997
70,70,5,8,50,19,Sunday,6,1.316
71,71,5,12,60,9,Sunday,6,3.3329999999999993
72,72,6,7,90,32,Sunday,6,1.4076
73,73,7,9,50,9,Sunday,6,2.7779999999999996
74,74,8,9,110,31,Sunday,6,1.7786000000000004
75,75,9,11,90,31,Sunday,6,1.4567999999999999
76,76,9,13,120,32,Sunday,6,1.875
77,77,10,11,80,10,Sunday,6,4.0
78,78,10,13,120,24,Sunday,6,2.5218
79,79,11,12,70,27,Sunday,6,1.2913999999999999
80,80,0,1,50,18,Sunday,8,1.3889999999999998
81,81,0,2,70,23,Sunday,8,1.522
82,82,0,3,110,26,Sunday,8,2.0932000000000004
83,83,1,2,60,16,Sunday,8,1.875
84,84,1,7,120,16,Sunday,8,3.7181000000000006
85,85,2,5,100,13,Sunday,8,3.8781000000000008
86,86,3,4,130,21,Sunday,8,3.0949999999999998
87,87,3,10,70,19,Sunday,8,1.842
88,88,4,5,110,38,Sunday,8,1.4647
89,89,4,6,120,34,Sunday,8,1.7809000000000001
90,90,5,8,110,37,Sunday,8,1.4706000000000001
91,91,5,12,130,39,Sunday,8,1.6722000000000001
92,92,6,7,100,24,Sunday,8,2.0747
93,93,7,9,60,17,Sunday,8,1.7650000000000001
94,94,8,9,140,50,Sunday,8,1.4060000000000001
95,95,9,11,50,18,Sunday,8,1.3889999999999998
96,96,9,13,70,8,Sunday,8,4.375
97,97,10,11,90,9,Sunday,8,4.95
98,98,10,13,70,26,Sunday,8,1.3459999999999999
99,99,11,12,60,8,Sunday,8,3.75
100,100,0,1,100,44,Sunday,10,1.1414
101,101,0,2,110,46,Sunday,10,1.1985999999999999
102,102,0,3,110,58,Sunday,10,0.9449000000000002
103,103,1,2,80,43,Sunday,10,0.9321999999999999
104,104,1,7,130,55,Sunday,10,1.1820000000000002
105,105,2,5,90,47,Sunday,10,0.9513000000000001
106,106,3,4,140,42,Sunday,10,1.6156
107,107,3,10,50,26,Sunday,10,0.9658
108,108,4,5,110,36,Sunday,10,1.5154
109,109,4,6,90,31,Sunday,10,1.4495
110,110,5,8,80,41,Sunday,10,0.9759999999999998
111,111,5,12,90,32,Sunday,10,1.4018000000000002
112,112,6,7,120,64,Sunday,10,0.938
113,113,7,9,120,64,Sunday,10,0.938
114,114,8,9,80,43,Sunday,10,0.9323
115,115,9,11,140,59,Sunday,10,1.1841
116,116,9,13,50,25,Sunday,10,0.9924
117,117,10,11,130,76,Sunday,10,0.8577000000000001
118,118,10,13,50,19,Sunday,10,1.316
119,119,11,12,90,48,Sunday,10,0.9311999999999999
120,120,0,1,70,38,Sunday,12,0.9236000000000001
121,121,0,2,120,40,Sunday,12,1.513
122,122,0,3,60,28,Sunday,12,1.071
123,123,1,2,130,75,Sunday,12,0.8771000000000001
124,124,1,7,110,49,Sunday,12,1.122
125,125,2,5,140,47,Sunday,12,1.4890000000000003
126,126,3,4,50,25,Sunday,12,0.9962
127,127,3,10,50,15,Sunday,12,1.6669999999999998
128,128,4,5,50,18,Sunday,12,1.3889999999999998
129,129,4,6,120,71,Sunday,12,0.8602000000000001
130,130,5,8,90,33,Sunday,12,1.3640000000000003
131,131,5,12,120,65,Sunday,12,0.9212999999999999
132,132,6,7,70,27,Sunday,12,1.309
133,133,7,9,70,26,Sunday,12,1.3679999999999999
134,134,8,9,60,31,Sunday,12,0.968
135,135,9,11,70,33,Sunday,12,1.0646
136,136,9,13,90,36,Sunday,12,1.25
137,137,10,11,130,60,Sunday,12,1.0779
138,138,10,13,120,64,Sunday,12,0.9365
139,139,11,12,100,32,Sunday,12,1.553
140,140,0,1,140,75,Sunday,14,0.9305999999999999
141,141,0,2,50,15,Sunday,14,1.6669999999999998
142,142,0,3,70,41,Sunday,14,0.8561
143,143,1,2,140,55,Sunday,14,1.2752999999999999
144,144,1,7,90,34,Sunday,14,1.324
145,145,2,5,110,37,Sunday,14,1.4860000000000002
146,146,3,4,140,69,Sunday,14,1.0145
147,147,3,10,110,53,Sunday,14,1.0420000000000003
148,148,4,5,90,49,Sunday,14,0.9181999999999999
149,149,4,6,120,38,Sunday,14,1.5925000000000002
150,150,5,8,120,69,Sunday,14,0.8724000000000001
151,151,5,12,80,35,Sunday,14,1.143
152,152,6,7,80,27,Sunday,14,1.4758
153,153,7,9,70,30,Sunday,14,1.1632
154,154,8,9,100,41,Sunday,14,1.223
155,155,9,11,120,41,Sunday,14,1.5107000000000004
156,156,9,13,110,38,Sunday,14,1.4471999999999996
157,157,10,11,50,24,Sunday,14,1.042
158,158,10,13,60,24,Sunday,14,1.25
159,159,11,12,100,44,Sunday,14,1.1414
160,160,0,1,50,29,Sunday,16,0.8619999999999999
161,161,0,2,50,17,Sunday,16,1.4709999999999999
162,162,0,3,60,26,Sunday,16,1.1543
163,163,1,2,70,32,Sunday,16,1.0943999999999998
164,164,1,7,110,62,Sunday,16,0.8871000000000002
165,165,2,5,50,28,Sunday,16,0.8930000000000001
166,166,3,4,130,46,Sunday,16,1.4166
167,167,3,10,50,22,Sunday,16,1.1359999999999997
168,168,4,5,80,30,Sunday,16,1.3406
169,169,4,6,140,80,Sunday,16,0.8760999999999999
170,170,5,8,120,57,Sunday,16,1.0546999999999997
171,171,5,12,100,51,Sunday,16,0.9702000000000002
172,172,6,7,110,52,Sunday,16,1.06
173,173,7,9,80,34,Sunday,16,1.176
174,174,8,9,90,47,Sunday,16,0.9551000000000001
175,175,9,11,80,39,Sunday,16,1.026
176,176,9,13,50,29,Sunday,16,0.8619999999999999
177,177,10,11,110,44,Sunday,16,1.2558
178,178,10,13,110,38,Sunday,16,1.4471999999999996
179,179,11,12,130,68,Sunday,16,0.9574
180,180,0,1,60,34,Sunday,18,0.8846999999999999
181,181,0,2,130,51,Sunday,18,1.2629000000000001
182,182,0,3,80,42,Sunday,18,0.9489000000000001
183,183,1,2,50,19,Sunday,18,1.316
184,184,1,7,110,44,Sunday,18,1.253
185,185,2,5,90,36,Sunday,18,1.25
186,186,3,4,50,18,Sunday,18,1.3889999999999998
187,187,3,10,80,34,Sunday,18,1.176
188,188,4,5,60,19,Sunday,18,1.5790000000000002
189,189,4,6,90,33,Sunday,18,1.3640000000000003
190,190,5,8,80,40,Sunday,18,0.9949
191,191,5,12,80,44,Sunday,18,0.9058000000000002
192,192,6,7,60,18,Sunday,18,1.6669999999999998
193,193,7,9,90,47,Sunday,18,0.9551000000000001
194,194,8,9,130,63,Sunday,18,1.0368
195,195,9,11,50,21,Sunday,18,1.1959999999999997
196,196,9,13,60,23,Sunday,18,1.31
197,197,10,11,60,23,Sunday,18,1.31
198,198,10,13,130,75,Sunday,18,0.8715999999999999
199,199,11,12,120,52,Sunday,18,1.1343
200,200,0,1,90,9,Sunday,20,4.95
201,201,0,2,140,43,Sunday,20,1.6286
202,202,0,3,120,27,Sunday,20,2.2681000000000004
203,203,1,2,90,15,Sunday,20,3.0332999999999997
204,204,1,7,50,18,Sunday,20,1.3889999999999998
205,205,2,5,130,27,Sunday,20,2.4264
206,206,3,4,110,12,Sunday,20,4.708099999999999
207,207,3,10,50,15,Sunday,20,1.6669999999999998
208,208,4,5,100,17,Sunday,20,3.0096
209,209,4,6,120,45,Sunday,20,1.3244000000000002
210,210,5,8,50,17,Sunday,20,1.4709999999999999
211,211,5,12,60,13,Sunday,20,2.3080000000000003
212,212,6,7,70,18,Sunday,20,1.9439999999999995
213,213,7,9,70,22,Sunday,20,1.5909999999999997
214,214,8,9,50,15,Sunday,20,1.6669999999999998
215,215,9,11,100,37,Sunday,20,1.3496
216,216,9,13,120,43,Sunday,20,1.345
217,217,10,11,120,16,Sunday,20,3.6452000000000004
218,218,10,13,80,24,Sunday,20,1.6747
219,219,11,12,60,20,Sunday,20,1.5
220,220,0,1,70,8,Sunday,22,4.375
221,221,0,2,90,23,Sunday,22,1.957
222,222,0,3,100,29,Sunday,22,1.6979
223,223,1,2,90,27,Sunday,22,1.6648
224,224,1,7,60,20,Sunday,22,1.5
225,225,2,5,90,16,Sunday,22,2.8311
226,226,3,4,140,46,Sunday,22,1.5154
227,227,3,10,90,34,Sunday,22,1.3382
228,228,4,5,130,21,Sunday,22,3.0949999999999998
229,229,4,6,60,20,Sunday,22,1.5
230,230,5,8,120,32,Sunday,22,1.8785
231,231,5,12,120,47,Sunday,22,1.2882000000000005
232,232,6,7,70,22,Sunday,22,1.5909999999999997
233,233,7,9,120,31,Sunday,22,1.9618000000000002
234,234,8,9,110,42,Sunday,22,1.3165000000000002
235,235,9,11,120,13,Sunday,22,4.692000000000001
236,236,9,13,140,21,Sunday,22,3.3329999999999993
237,237,10,11,80,20,Sunday,22,2.0
238,238,10,13,90,30,Sunday,22,1.486
239,239,11,12,120,24,Sunday,22,2.4917000000000002
240,240,0,1,90,32,Sunday,24,1.399
241,241,0,2,130,14,Sunday,24,4.783
242,242,0,3,90,13,Sunday,24,3.4908
243,243,1,2,140,43,Sunday,24,1.6325000000000003
244,244,1,7,50,13,Sunday,24,1.9230000000000005
245,245,2,5,90,13,Sunday,24,3.4908
246,246,3,4,80,28,Sunday,24,1.4359000000000002
247,247,3,10,110,34,Sunday,24,1.5578000000000003
248,248,4,5,110,33,Sunday,24,1.6118
249,249,4,6,100,22,Sunday,24,2.273
250,250,5,8,120,17,Sunday,24,3.4930999999999996
251,251,5,12,50,19,Sunday,24,1.316
252,252,6,7,50,12,Sunday,24,2.0829999999999997
253,253,7,9,80,10,Sunday,24,4.0
254,254,8,9,50,7,Sunday,24,3.571
255,255,9,11,80,9,Sunday,24,4.4996
256,256,9,13,80,11,Sunday,24,3.636
257,257,10,11,60,20,Sunday,24,1.5
258,258,10,13,130,15,Sunday,24,4.3331
259,259,11,12,110,33,Sunday,24,1.5955
260,260,0,1,100,79,Monday,0,0.633
261,261,0,2,80,44,Monday,0,0.9090000000000001
262,262,0,3,90,69,Monday,0,0.652
263,263,1,2,130,85,Monday,0,0.7658999999999999
264,264,1,7,110,71,Monday,0,0.7750000000000001
265,265,2,5,120,89,Monday,0,0.6740000000000002
266,266,3,4,100,75,Monday,0,0.6669999999999999
267,267,3,10,50,36,Monday,0,0.6940000000000001
268,268,4,5,70,39,Monday,0,0.8994000000000002
269,269,4,6,130,65,Monday,0,1.0
270,270,5,8,70,55,Monday,0,0.636
271,271,5,12,110,76,Monday,0,0.7240000000000001
272,272,6,7,50,31,Monday,0,0.8059999999999998
273,273,7,9,80,45,Monday,0,0.889
274,274,8,9,140,91,Monday,0,0.769
275,275,9,11,70,40,Monday,0,0.875
276,276,9,13,130,65,Monday,0,1.0
277,277,10,11,120,88,Monday,0,0.6812000000000001
278,278,10,13,70,47,Monday,0,0.745
279,279,11,12,130,87,Monday,0,0.747
280,280,0,1,100,74,Monday,2,0.676
281,281,0,2,60,34,Monday,2,0.8819999999999999
282,282,0,3,140,78,Monday,2,0.897
283,283,1,2,50,26,Monday,2,0.962
284,284,1,7,120,60,Monday,2,0.9984
285,285,2,5,110,84,Monday,2,0.6550000000000001
286,286,3,4,120,90,Monday,2,0.6669999999999999
287,287,3,10,140,99,Monday,2,0.707
288,288,4,5,120,80,Monday,2,0.75
289,289,4,6,50,27,Monday,2,0.9259999999999999
290,290,5,8,100,67,Monday,2,0.7460000000000001
291,291,5,12,140,91,Monday,2,0.769
292,292,6,7,90,61,Monday,2,0.7379999999999999
293,293,7,9,120,82,Monday,2,0.7320000000000001
294,294,8,9,60,36,Monday,2,0.833
295,295,9,11,120,71,Monday,2,0.845
296,296,9,13,110,60,Monday,2,0.9199999999999999
297,297,10,11,140,101,Monday,2,0.6929999999999998
298,298,10,13,70,51,Monday,2,0.6859999999999999
299,299,11,12,120,64,Monday,2,0.938
300,300,0,1,100,58,Monday,4,0.8619999999999999
301,301,0,2,50,25,Monday,4,1.0
302,302,0,3,80,57,Monday,4,0.7020000000000001
303,303,1,2,90,60,Monday,4,0.75
304,304,1,7,60,45,Monday,4,0.6669999999999999
305,305,2,5,100,75,Monday,4,0.6669999999999999
306,306,3,4,120,91,Monday,4,0.6589999999999999
307,307,3,10,120,92,Monday,4,0.652
308,308,4,5,60,38,Monday,4,0.7889999999999999
309,309,4,6,60,34,Monday,4,0.8819999999999999
310,310,5,8,90,46,Monday,4,0.978
311,311,5,12,120,76,Monday,4,0.7900999999999999
312,312,6,7,80,52,Monday,4,0.7705
313,313,7,9,70,38,Monday,4,0.9209999999999997
314,314,8,9,120,70,Monday,4,0.857
315,315,9,11,110,67,Monday,4,0.821
316,316,9,13,130,99,Monday,4,0.6594
317,317,10,11,60,47,Monday,4,0.638
318,318,10,13,110,59,Monday,4,0.9305000000000001
319,319,11,12,130,68,Monday,4,0.9559999999999997
320,320,0,1,50,36,Monday,6,0.6940000000000001
321,321,0,2,80,59,Monday,6,0.6779999999999999
322,322,0,3,120,92,Monday,6,0.652
323,323,1,2,50,25,Monday,6,1.0
324,324,1,7,100,79,Monday,6,0.633
325,325,2,5,90,62,Monday,6,0.726
326,326,3,4,90,65,Monday,6,0.6931
327,327,3,10,50,29,Monday,6,0.8619999999999999
328,328,4,5,110,60,Monday,6,0.917
329,329,4,6,90,60,Monday,6,0.75
330,330,5,8,60,32,Monday,6,0.9380000000000001
331,331,5,12,50,35,Monday,6,0.7140000000000003
332,332,6,7,70,37,Monday,6,0.946
333,333,7,9,80,40,Monday,6,1.0
334,334,8,9,120,69,Monday,6,0.8712
335,335,9,11,90,62,Monday,6,0.726
336,336,9,13,50,37,Monday,6,0.676
337,337,10,11,90,45,Monday,6,1.0
338,338,10,13,110,79,Monday,6,0.6959999999999998
339,339,11,12,130,87,Monday,6,0.747
340,340,0,1,120,62,Monday,8,0.968
341,341,0,2,60,41,Monday,8,0.732
342,342,0,3,120,65,Monday,8,0.9229999999999998
343,343,1,2,130,102,Monday,8,0.6370000000000001
344,344,1,7,60,35,Monday,8,0.857
345,345,2,5,50,30,Monday,8,0.833
346,346,3,4,120,66,Monday,8,0.9104000000000001
347,347,3,10,70,47,Monday,8,0.745
348,348,4,5,120,65,Monday,8,0.9229999999999998
349,349,4,6,50,28,Monday,8,0.8930000000000003
350,350,5,8,90,49,Monday,8,0.9179999999999999
351,351,5,12,140,84,Monday,8,0.8321
352,352,6,7,110,68,Monday,8,0.8089999999999999
353,353,7,9,60,31,Monday,8,0.968
354,354,8,9,70,50,Monday,8,0.7000000000000001
355,355,9,11,60,45,Monday,8,0.6669999999999999
356,356,9,13,130,86,Monday,8,0.756
357,357,10,11,70,38,Monday,8,0.9209999999999997
358,358,10,13,120,64,Monday,8,0.938
359,359,11,12,120,94,Monday,8,0.6387
360,360,0,1,110,77,Monday,10,0.7140000000000002
361,361,0,2,130,102,Monday,10,0.637
362,362,0,3,100,75,Monday,10,0.6669999999999999
363,363,1,2,90,85,Monday,10,0.529
364,364,1,7,120,102,Monday,10,0.588
365,365,2,5,110,81,Monday,10,0.6758000000000001
366,366,3,4,80,62,Monday,10,0.645
367,367,3,10,70,57,Monday,10,0.614
368,368,4,5,80,75,Monday,10,0.5329999999999998
369,369,4,6,60,59,Monday,10,0.508
370,370,5,8,50,45,Monday,10,0.556
371,371,5,12,70,49,Monday,10,0.7140000000000002
372,372,6,7,100,79,Monday,10,0.633
373,373,7,9,100,81,Monday,10,0.617
374,374,8,9,140,109,Monday,10,0.6420000000000001
375,375,9,11,50,49,Monday,10,0.5099999999999999
376,376,9,13,110,83,Monday,10,0.663
377,377,10,11,90,88,Monday,10,0.511
378,378,10,13,80,76,Monday,10,0.5259999999999999
379,379,11,12,140,107,Monday,10,0.654
380,380,0,1,140,131,Monday,12,0.5339999999999999
381,381,0,2,110,99,Monday,12,0.5565
382,382,0,3,120,94,Monday,12,0.638
383,383,1,2,50,45,Monday,12,0.556
384,384,1,7,60,42,Monday,12,0.7140000000000003
385,385,2,5,70,56,Monday,12,0.625
386,386,3,4,100,99,Monday,12,0.505
387,387,3,10,110,77,Monday,12,0.7131000000000002
388,388,4,5,100,81,Monday,12,0.617
389,389,4,6,110,97,Monday,12,0.5670000000000001
390,390,5,8,120,85,Monday,12,0.7059999999999998
391,391,5,12,90,83,Monday,12,0.5419999999999999
392,392,6,7,110,87,Monday,12,0.6319999999999999
393,393,7,9,90,80,Monday,12,0.5620000000000002
394,394,8,9,120,86,Monday,12,0.6979999999999998
395,395,9,11,70,67,Monday,12,0.5220000000000001
396,396,9,13,80,72,Monday,12,0.556
397,397,10,11,80,73,Monday,12,0.5479999999999999
398,398,10,13,140,124,Monday,12,0.5649999999999998
399,399,11,12,100,87,Monday,12,0.5756
400,400,0,1,50,44,Monday,14,0.5679999999999998
401,401,0,2,100,77,Monday,14,0.6498999999999999
402,402,0,3,100,85,Monday,14,0.5887
403,403,1,2,60,48,Monday,14,0.625
404,404,1,7,50,38,Monday,14,0.6579999999999998
405,405,2,5,120,111,Monday,14,0.5410000000000001
406,406,3,4,100,81,Monday,14,0.617
407,407,3,10,60,54,Monday,14,0.556
408,408,4,5,70,65,Monday,14,0.538
409,409,4,6,110,88,Monday,14,0.625
410,410,5,8,120,90,Monday,14,0.6669999999999999
411,411,5,12,50,41,Monday,14,0.61
412,412,6,7,140,113,Monday,14,0.6189999999999999
413,413,7,9,100,88,Monday,14,0.5679999999999998
414,414,8,9,140,139,Monday,14,0.5039999999999999
415,415,9,11,50,46,Monday,14,0.543
416,416,9,13,100,72,Monday,14,0.6940000000000001
417,417,10,11,70,50,Monday,14,0.7000000000000001
418,418,10,13,120,103,Monday,14,0.5830000000000001
419,419,11,12,80,71,Monday,14,0.5629999999999998
420,420,0,1,60,56,Monday,16,0.5359999999999999
421,421,0,2,130,127,Monday,16,0.5120000000000001
422,422,0,3,140,137,Monday,16,0.5103000000000001
423,423,1,2,100,95,Monday,16,0.5259999999999999
424,424,1,7,90,76,Monday,16,0.5920000000000001
425,425,2,5,140,115,Monday,16,0.609
426,426,3,4,130,91,Monday,16,0.7133000000000002
427,427,3,10,130,103,Monday,16,0.6292000000000001
428,428,4,5,140,116,Monday,16,0.6029999999999999
429,429,4,6,90,71,Monday,16,0.6340000000000001
430,430,5,8,60,50,Monday,16,0.5999999999999999
431,431,5,12,90,78,Monday,16,0.5770000000000001
432,432,6,7,80,57,Monday,16,0.7020000000000001
433,433,7,9,110,94,Monday,16,0.5856
434,434,8,9,60,48,Monday,16,0.625
435,435,9,11,120,91,Monday,16,0.6590999999999999
436,436,9,13,90,65,Monday,16,0.6920000000000001
437,437,10,11,70,68,Monday,16,0.5149999999999998
438,438,10,13,50,49,Monday,16,0.5099999999999999
439,439,11,12,50,42,Monday,16,0.5949999999999999
440,440,0,1,90,89,Monday,18,0.5060000000000001
441,441,0,2,70,55,Monday,18,0.636
442,442,0,3,90,80,Monday,18,0.5620000000000002
443,443,1,2,80,61,Monday,18,0.6559999999999998
444,444,1,7,140,131,Monday,18,0.5339999999999999
445,445,2,5,120,86,Monday,18,0.6979999999999998
446,446,3,4,80,73,Monday,18,0.5479999999999999
447,447,3,10,120,105,Monday,18,0.571
448,448,4,5,70,64,Monday,18,0.5469999999999999
449,449,4,6,50,49,Monday,18,0.5099999999999999
450,450,5,8,140,107,Monday,18,0.6546000000000001
451,451,5,12,60,47,Monday,18,0.638
452,452,6,7,100,86,Monday,18,0.5810999999999998
453,453,7,9,110,88,Monday,18,0.625
454,454,8,9,120,106,Monday,18,0.566
455,455,9,11,90,69,Monday,18,0.652
456,456,9,13,70,68,Monday,18,0.5149999999999998
457,457,10,11,130,120,Monday,18,0.5419999999999999
458,458,10,13,60,43,Monday,18,0.6980000000000002
459,459,11,12,100,78,Monday,18,0.6409999999999999
460,460,0,1,70,45,Monday,20,0.778
461,461,0,2,90,59,Monday,20,0.763
462,462,0,3,130,68,Monday,20,0.9531999999999998
463,463,1,2,120,84,Monday,20,0.7149000000000002
464,464,1,7,110,74,Monday,20,0.7430000000000001
465,465,2,5,90,55,Monday,20,0.8179999999999998
466,466,3,4,120,70,Monday,20,0.857
467,467,3,10,120,70,Monday,20,0.857
468,468,4,5,50,25,Monday,20,1.0
469,469,4,6,120,88,Monday,20,0.6828000000000001
470,470,5,8,90,59,Monday,20,0.763
471,471,5,12,120,65,Monday,20,0.9259999999999999
472,472,6,7,100,70,Monday,20,0.7140000000000002
473,473,7,9,90,53,Monday,20,0.849
474,474,8,9,60,43,Monday,20,0.6996000000000002
475,475,9,11,110,55,Monday,20,1.0
476,476,9,13,140,82,Monday,20,0.8540000000000001
477,477,10,11,60,45,Monday,20,0.6669999999999999
478,478,10,13,60,43,Monday,20,0.6996000000000002
479,479,11,12,50,29,Monday,20,0.8619999999999999
480,480,0,1,110,67,Monday,22,0.8234999999999999
481,481,0,2,130,77,Monday,22,0.8440000000000001
482,482,0,3,90,60,Monday,22,0.75
483,483,1,2,80,58,Monday,22,0.6899999999999998
484,484,1,7,110,78,Monday,22,0.705
485,485,2,5,110,57,Monday,22,0.9650000000000001
486,486,3,4,140,101,Monday,22,0.6929999999999998
487,487,3,10,130,78,Monday,22,0.833
488,488,4,5,100,75,Monday,22,0.6688
489,489,4,6,130,83,Monday,22,0.783
490,490,5,8,130,68,Monday,22,0.9531999999999998
491,491,5,12,70,39,Monday,22,0.897
492,492,6,7,110,81,Monday,22,0.6790000000000002
493,493,7,9,100,52,Monday,22,0.962
494,494,8,9,120,80,Monday,22,0.75
495,495,9,11,50,32,Monday,22,0.7809999999999998
496,496,9,13,100,51,Monday,22,0.9757999999999999
497,497,10,11,90,54,Monday,22,0.833
498,498,10,13,100,78,Monday,22,0.6401999999999999
499,499,11,12,120,71,Monday,22,0.8450999999999999
500,500,0,1,80,51,Monday,24,0.7826
501,501,0,2,50,30,Monday,24,0.833
502,502,0,3,140,104,Monday,24,0.6723999999999999
503,503,1,2,80,51,Monday,24,0.7826
504,504,1,7,80,43,Monday,24,0.9299999999999999
505,505,2,5,140,98,Monday,24,0.7140000000000002
506,506,3,4,90,59,Monday,24,0.763
507,507,3,10,120,63,Monday,24,0.9522
508,508,4,5,110,70,Monday,24,0.7848999999999998
509,509,4,6,90,46,Monday,24,0.978
510,510,5,8,90,68,Monday,24,0.662
511,511,5,12,60,32,Monday,24,0.938
512,512,6,7,60,34,Monday,24,0.8819999999999999
513,513,7,9,90,50,Monday,24,0.9018
514,514,8,9,80,63,Monday,24,0.6369999999999999
515,515,9,11,100,70,Monday,24,0.7140000000000002
516,516,9,13,90,71,Monday,24,0.6340000000000001
517,517,10,11,50,27,Monday,24,0.9259999999999999
518,518,10,13,110,83,Monday,24,0.663
519,519,11,12,50,36,Monday,24,0.6940000000000001
520,520,0,1,70,46,Tuesday,0,0.7609999999999999
521,521,0,2,130,66,Tuesday,0,0.9850000000000001
522,522,0,3,70,41,Tuesday,0,0.8540000000000003
523,523,1,2,50,29,Tuesday,0,0.8619999999999999
524,524,1,7,90,51,Tuesday,0,0.8819999999999999
525,525,2,5,80,54,Tuesday,0,0.7409999999999999
526,526,3,4,60,42,Tuesday,0,0.7140000000000002
527,527,3,10,140,106,Tuesday,0,0.66
528,528,4,5,70,46,Tuesday,0,0.7609999999999999
529,529,4,6,110,78,Tuesday,0,0.705
530,530,5,8,110,72,Tuesday,0,0.7640000000000001
531,531,5,12,60,34,Tuesday,0,0.8819999999999999
532,532,6,7,60,38,Tuesday,0,0.7889999999999999
533,533,7,9,140,70,Tuesday,0,1.0
534,534,8,9,80,58,Tuesday,0,0.6899999999999998
535,535,9,11,60,34,Tuesday,0,0.8819999999999999
536,536,9,13,140,79,Tuesday,0,0.8859999999999999
537,537,10,11,100,50,Tuesday,0,1.0
538,538,10,13,80,60,Tuesday,0,0.6669999999999999
539,539,11,12,140,97,Tuesday,0,0.7219999999999999
540,540,0,1,120,61,Tuesday,2,0.9840000000000002
541,541,0,2,100,57,Tuesday,2,0.877
542,542,0,3,110,59,Tuesday,2,0.9305000000000001
543,543,1,2,80,44,Tuesday,2,0.9090000000000001
544,544,1,7,100,66,Tuesday,2,0.758
545,545,2,5,90,68,Tuesday,2,0.662
546,546,3,4,50,32,Tuesday,2,0.7809999999999999
547,547,3,10,110,63,Tuesday,2,0.8758000000000001
548,548,4,5,140,98,Tuesday,2,0.7140000000000002
549,549,4,6,120,72,Tuesday,2,0.8342
550,550,5,8,120,91,Tuesday,2,0.6589999999999999
551,551,5,12,80,47,Tuesday,2,0.851
552,552,6,7,130,87,Tuesday,2,0.747
553,553,7,9,90,69,Tuesday,2,0.652
554,554,8,9,140,107,Tuesday,2,0.6534
555,555,9,11,110,72,Tuesday,2,0.7640000000000001
556,556,9,13,70,35,Tuesday,2,1.0
557,557,10,11,80,53,Tuesday,2,0.755
558,558,10,13,60,42,Tuesday,2,0.7140000000000002
559,559,11,12,130,87,Tuesday,2,0.747
560,560,0,1,50,35,Tuesday,4,0.7140000000000003
561,561,0,2,80,42,Tuesday,4,0.9520000000000002
562,562,0,3,50,38,Tuesday,4,0.658
563,563,1,2,60,39,Tuesday,4,0.769
564,564,1,7,110,77,Tuesday,4,0.7140000000000002
565,565,2,5,70,42,Tuesday,4,0.833
566,566,3,4,50,27,Tuesday,4,0.9259999999999999
567,567,3,10,60,33,Tuesday,4,0.909
568,568,4,5,140,87,Tuesday,4,0.8019999999999999
569,569,4,6,100,55,Tuesday,4,0.9090000000000001
570,570,5,8,70,43,Tuesday,4,0.8140000000000001
571,571,5,12,120,68,Tuesday,4,0.8819999999999999
572,572,6,7,110,76,Tuesday,4,0.7240000000000001
573,573,7,9,100,68,Tuesday,4,0.7350000000000002
574,574,8,9,130,82,Tuesday,4,0.793
575,575,9,11,70,55,Tuesday,4,0.636
576,576,9,13,110,81,Tuesday,4,0.679
577,577,10,11,110,84,Tuesday,4,0.6550000000000001
578,578,10,13,60,45,Tuesday,4,0.6669999999999999
579,579,11,12,130,77,Tuesday,4,0.8440000000000001
580,580,0,1,140,72,Tuesday,6,0.9719999999999999
581,581,0,2,110,71,Tuesday,6,0.7750000000000001
582,582,0,3,90,55,Tuesday,6,0.8165999999999999
583,583,1,2,110,81,Tuesday,6,0.679
584,584,1,7,90,49,Tuesday,6,0.9179999999999999
585,585,2,5,110,81,Tuesday,6,0.679
586,586,3,4,50,32,Tuesday,6,0.7809999999999999
587,587,3,10,80,45,Tuesday,6,0.889
588,588,4,5,130,93,Tuesday,6,0.699
589,589,4,6,120,95,Tuesday,6,0.6319999999999999
590,590,5,8,130,80,Tuesday,6,0.812
591,591,5,12,50,26,Tuesday,6,0.962
592,592,6,7,50,31,Tuesday,6,0.8059999999999998
593,593,7,9,70,43,Tuesday,6,0.8140000000000001
594,594,8,9,140,109,Tuesday,6,0.6426000000000001
595,595,9,11,110,82,Tuesday,6,0.671
596,596,9,13,140,76,Tuesday,6,0.9209999999999999
597,597,10,11,80,58,Tuesday,6,0.6899999999999998
598,598,10,13,80,54,Tuesday,6,0.7409999999999999
599,599,11,12,100,61,Tuesday,6,0.8200000000000001
600,600,0,1,140,107,Tuesday,8,0.654
601,601,0,2,60,31,Tuesday,8,0.968
602,602,0,3,70,50,Tuesday,8,0.7000000000000001
603,603,1,2,100,50,Tuesday,8,1.0
604,604,1,7,70,37,Tuesday,8,0.946
605,605,2,5,120,84,Tuesday,8,0.7140000000000003
606,606,3,4,120,62,Tuesday,8,0.968
607,607,3,10,130,68,Tuesday,8,0.9559999999999997
608,608,4,5,130,75,Tuesday,8,0.867
609,609,4,6,130,83,Tuesday,8,0.7829999999999998
610,610,5,8,70,50,Tuesday,8,0.7000000000000001
611,611,5,12,110,75,Tuesday,8,0.7329999999999999
612,612,6,7,70,42,Tuesday,8,0.833
613,613,7,9,120,91,Tuesday,8,0.6589999999999999
614,614,8,9,130,72,Tuesday,8,0.9030000000000001
615,615,9,11,120,95,Tuesday,8,0.6319999999999999
616,616,9,13,120,75,Tuesday,8,0.7999999999999999
617,617,10,11,120,63,Tuesday,8,0.9520000000000002
618,618,10,13,80,63,Tuesday,8,0.6349999999999999
619,619,11,12,130,79,Tuesday,8,0.8219000000000001
620,620,0,1,80,62,Tuesday,10,0.645
621,621,0,2,100,80,Tuesday,10,0.625
622,622,0,3,120,101,Tuesday,10,0.5940000000000001
623,623,1,2,60,57,Tuesday,10,0.5259999999999999
624,624,1,7,70,55,Tuesday,10,0.636
625,625,2,5,120,95,Tuesday,10,0.6319999999999999
626,626,3,4,140,100,Tuesday,10,0.7
627,627,3,10,80,75,Tuesday,10,0.5329999999999998
628,628,4,5,100,98,Tuesday,10,0.5099999999999999
629,629,4,6,90,73,Tuesday,10,0.616
630,630,5,8,60,55,Tuesday,10,0.545
631,631,5,12,100,83,Tuesday,10,0.6020000000000001
632,632,6,7,90,75,Tuesday,10,0.5999999999999999
633,633,7,9,130,113,Tuesday,10,0.5750000000000001
634,634,8,9,50,49,Tuesday,10,0.5099999999999999
635,635,9,11,100,90,Tuesday,10,0.556
636,636,9,13,140,128,Tuesday,10,0.5478
637,637,10,11,140,122,Tuesday,10,0.575
638,638,10,13,90,76,Tuesday,10,0.5920000000000001
639,639,11,12,100,88,Tuesday,10,0.5679999999999998
640,640,0,1,60,57,Tuesday,12,0.5259999999999999
641,641,0,2,60,47,Tuesday,12,0.638
642,642,0,3,130,122,Tuesday,12,0.5329999999999998
643,643,1,2,70,64,Tuesday,12,0.5469999999999999
644,644,1,7,60,53,Tuesday,12,0.5660000000000001
645,645,2,5,140,101,Tuesday,12,0.6929999999999998
646,646,3,4,80,57,Tuesday,12,0.7020000000000001
647,647,3,10,110,88,Tuesday,12,0.6243000000000001
648,648,4,5,110,89,Tuesday,12,0.618
649,649,4,6,130,125,Tuesday,12,0.5199999999999999
650,650,5,8,90,87,Tuesday,12,0.5170000000000001
651,651,5,12,80,66,Tuesday,12,0.606
652,652,6,7,90,73,Tuesday,12,0.616
653,653,7,9,50,44,Tuesday,12,0.5679999999999998
654,654,8,9,50,38,Tuesday,12,0.6579999999999998
655,655,9,11,60,55,Tuesday,12,0.545
656,656,9,13,50,47,Tuesday,12,0.532
657,657,10,11,120,109,Tuesday,12,0.5499999999999999
658,658,10,13,90,67,Tuesday,12,0.6719999999999999
659,659,11,12,70,56,Tuesday,12,0.625
660,660,0,1,50,38,Tuesday,14,0.6579999999999998
661,661,0,2,70,61,Tuesday,14,0.574
662,662,0,3,100,88,Tuesday,14,0.5679999999999998
663,663,1,2,70,50,Tuesday,14,0.7000000000000001
664,664,1,7,80,73,Tuesday,14,0.5479999999999999
665,665,2,5,60,48,Tuesday,14,0.625
666,666,3,4,60,48,Tuesday,14,0.625
667,667,3,10,130,125,Tuesday,14,0.5199999999999999
668,668,4,5,140,103,Tuesday,14,0.6799999999999999
669,669,4,6,140,133,Tuesday,14,0.5259999999999999
670,670,5,8,70,57,Tuesday,14,0.614
671,671,5,12,130,125,Tuesday,14,0.5199999999999999
672,672,6,7,60,47,Tuesday,14,0.638
673,673,7,9,70,51,Tuesday,14,0.6859999999999999
674,674,8,9,110,93,Tuesday,14,0.5904
675,675,9,11,90,67,Tuesday,14,0.6719999999999999
676,676,9,13,60,59,Tuesday,14,0.508
677,677,10,11,50,43,Tuesday,14,0.5809999999999998
678,678,10,13,70,68,Tuesday,14,0.5149999999999998
679,679,11,12,50,39,Tuesday,14,0.6409999999999999
680,680,0,1,70,68,Tuesday,16,0.5149999999999998
681,681,0,2,120,99,Tuesday,16,0.606
682,682,0,3,100,86,Tuesday,16,0.5810999999999998
683,683,1,2,50,36,Tuesday,16,0.6940000000000001
684,684,1,7,50,35,Tuesday,16,0.7140000000000002
685,685,2,5,90,64,Tuesday,16,0.7030000000000002
686,686,3,4,70,52,Tuesday,16,0.6729999999999999
687,687,3,10,90,88,Tuesday,16,0.511
688,688,4,5,60,44,Tuesday,16,0.6820000000000002
689,689,4,6,100,83,Tuesday,16,0.6013000000000001
690,690,5,8,140,116,Tuesday,16,0.6029999999999999
691,691,5,12,140,112,Tuesday,16,0.625
692,692,6,7,110,102,Tuesday,16,0.5389999999999999
693,693,7,9,130,118,Tuesday,16,0.5520000000000002
694,694,8,9,90,79,Tuesday,16,0.5700000000000001
695,695,9,11,90,70,Tuesday,16,0.6429999999999999
696,696,9,13,70,64,Tuesday,16,0.5469999999999999
697,697,10,11,50,37,Tuesday,16,0.676
698,698,10,13,140,131,Tuesday,16,0.5336
699,699,11,12,100,98,Tuesday,16,0.5099999999999999
700,700,0,1,60,44,Tuesday,18,0.6820000000000002
701,701,0,2,140,116,Tuesday,18,0.6029999999999999
702,702,0,3,90,72,Tuesday,18,0.625
703,703,1,2,140,129,Tuesday,18,0.543
704,704,1,7,60,56,Tuesday,18,0.5359999999999999
705,705,2,5,80,69,Tuesday,18,0.58
706,706,3,4,100,95,Tuesday,18,0.5259999999999999
707,707,3,10,70,57,Tuesday,18,0.614
708,708,4,5,90,74,Tuesday,18,0.6079999999999999
709,709,4,6,110,81,Tuesday,18,0.6766000000000001
710,710,5,8,120,92,Tuesday,18,0.652
711,711,5,12,140,110,Tuesday,18,0.636
712,712,6,7,90,89,Tuesday,18,0.5060000000000001
713,713,7,9,50,38,Tuesday,18,0.6579999999999998
714,714,8,9,50,47,Tuesday,18,0.532
715,715,9,11,60,58,Tuesday,18,0.5170000000000001
716,716,9,13,70,56,Tuesday,18,0.625
717,717,10,11,100,70,Tuesday,18,0.7140000000000002
718,718,10,13,90,72,Tuesday,18,0.625
719,719,11,12,110,87,Tuesday,18,0.6319999999999999
720,720,0,1,120,78,Tuesday,20,0.7670000000000001
721,721,0,2,50,29,Tuesday,20,0.8619999999999999
722,722,0,3,50,26,Tuesday,20,0.962
723,723,1,2,90,60,Tuesday,20,0.75
724,724,1,7,100,69,Tuesday,20,0.7249
725,725,2,5,130,86,Tuesday,20,0.7569
726,726,3,4,140,89,Tuesday,20,0.787
727,727,3,10,50,29,Tuesday,20,0.8619999999999999
728,728,4,5,90,56,Tuesday,20,0.8026
729,729,4,6,120,84,Tuesday,20,0.7149000000000002
730,730,5,8,60,44,Tuesday,20,0.6820000000000002
731,731,5,12,120,92,Tuesday,20,0.652
732,732,6,7,100,57,Tuesday,20,0.877
733,733,7,9,80,51,Tuesday,20,0.7826
734,734,8,9,100,64,Tuesday,20,0.7809999999999999
735,735,9,11,70,41,Tuesday,20,0.8540000000000001
736,736,9,13,90,52,Tuesday,20,0.8618
737,737,10,11,140,76,Tuesday,20,0.921
738,738,10,13,130,92,Tuesday,20,0.707
739,739,11,12,110,84,Tuesday,20,0.6566000000000002
740,740,0,1,60,33,Tuesday,22,0.9090000000000004
741,741,0,2,50,37,Tuesday,22,0.6742000000000001
742,742,0,3,60,43,Tuesday,22,0.6996000000000002
743,743,1,2,110,72,Tuesday,22,0.7640000000000001
744,744,1,7,70,54,Tuesday,22,0.6479999999999999
745,745,2,5,110,70,Tuesday,22,0.7848999999999998
746,746,3,4,80,53,Tuesday,22,0.755
747,747,3,10,50,25,Tuesday,22,1.0
748,748,4,5,140,108,Tuesday,22,0.6491999999999999
749,749,4,6,70,55,Tuesday,22,0.636
750,750,5,8,120,93,Tuesday,22,0.645
751,751,5,12,90,60,Tuesday,22,0.75
752,752,6,7,140,87,Tuesday,22,0.8058
753,753,7,9,60,32,Tuesday,22,0.938
754,754,8,9,80,54,Tuesday,22,0.7409999999999999
755,755,9,11,100,68,Tuesday,22,0.7350000000000001
756,756,9,13,130,87,Tuesday,22,0.747
757,757,10,11,100,55,Tuesday,22,0.909
758,758,10,13,60,46,Tuesday,22,0.652
759,759,11,12,110,58,Tuesday,22,0.9464000000000002
760,760,0,1,50,39,Tuesday,24,0.6426999999999999
761,761,0,2,90,52,Tuesday,24,0.865
762,762,0,3,80,51,Tuesday,24,0.7826
763,763,1,2,110,69,Tuesday,24,0.7947999999999998
764,764,1,7,70,47,Tuesday,24,0.745
765,765,2,5,80,56,Tuesday,24,0.7140000000000002
766,766,3,4,100,70,Tuesday,24,0.7140000000000002
767,767,3,10,130,97,Tuesday,24,0.6715
768,768,4,5,60,47,Tuesday,24,0.638
769,769,4,6,50,36,Tuesday,24,0.6940000000000001
770,770,5,8,130,94,Tuesday,24,0.691
771,771,5,12,110,71,Tuesday,24,0.7750000000000001
772,772,6,7,60,46,Tuesday,24,0.652
773,773,7,9,80,40,Tuesday,24,1.0
774,774,8,9,130,90,Tuesday,24,0.7204
775,775,9,11,80,61,Tuesday,24,0.6559999999999998
776,776,9,13,120,84,Tuesday,24,0.7149000000000002
777,777,10,11,120,67,Tuesday,24,0.905
778,778,10,13,130,78,Tuesday,24,0.833
779,779,11,12,70,39,Tuesday,24,0.897
780,780,0,1,100,50,Wednesday,0,1.0
781,781,0,2,130,82,Wednesday,0,0.793
782,782,0,3,120,70,Wednesday,0,0.857
783,783,1,2,110,65,Wednesday,0,0.8433999999999999
784,784,1,7,60,33,Wednesday,0,0.909
785,785,2,5,50,35,Wednesday,0,0.7140000000000003
786,786,3,4,100,59,Wednesday,0,0.8469999999999999
787,787,3,10,110,83,Wednesday,0,0.663
788,788,4,5,110,65,Wednesday,0,0.8433999999999999
789,789,4,6,70,53,Wednesday,0,0.66
790,790,5,8,100,72,Wednesday,0,0.6940000000000001
791,791,5,12,50,38,Wednesday,0,0.658
792,792,6,7,80,50,Wednesday,0,0.8000000000000002
793,793,7,9,50,32,Wednesday,0,0.7809999999999999
794,794,8,9,120,67,Wednesday,0,0.8960000000000001
795,795,9,11,140,106,Wednesday,0,0.66
796,796,9,13,100,51,Wednesday,0,0.9800000000000002
797,797,10,11,100,68,Wednesday,0,0.7350000000000002
798,798,10,13,90,58,Wednesday,0,0.7759999999999999
799,799,11,12,100,55,Wednesday,0,0.9090000000000001
800,800,0,1,110,83,Wednesday,2,0.663
801,801,0,2,110,84,Wednesday,2,0.6550000000000001
802,802,0,3,50,36,Wednesday,2,0.6940000000000001
803,803,1,2,100,64,Wednesday,2,0.7809999999999998
804,804,1,7,90,64,Wednesday,2,0.7030000000000001
805,805,2,5,60,44,Wednesday,2,0.6820000000000002
806,806,3,4,140,102,Wednesday,2,0.6853999999999999
807,807,3,10,140,107,Wednesday,2,0.654
808,808,4,5,70,42,Wednesday,2,0.833
809,809,4,6,50,37,Wednesday,2,0.676
810,810,5,8,80,46,Wednesday,2,0.8699999999999999
811,811,5,12,90,48,Wednesday,2,0.938
812,812,6,7,140,77,Wednesday,2,0.9054
813,813,7,9,120,72,Wednesday,2,0.8342
814,814,8,9,100,57,Wednesday,2,0.877
815,815,9,11,110,59,Wednesday,2,0.9320000000000002
816,816,9,13,90,47,Wednesday,2,0.9570000000000001
817,817,10,11,50,27,Wednesday,2,0.9259999999999999
818,818,10,13,90,64,Wednesday,2,0.7030000000000001
819,819,11,12,80,58,Wednesday,2,0.6899999999999998
820,820,0,1,120,85,Wednesday,4,0.706
821,821,0,2,70,43,Wednesday,4,0.8140000000000001
822,822,0,3,70,42,Wednesday,4,0.833
823,823,1,2,80,42,Wednesday,4,0.9520000000000002
824,824,1,7,140,87,Wednesday,4,0.8019999999999999
825,825,2,5,80,41,Wednesday,4,0.9759999999999998
826,826,3,4,70,37,Wednesday,4,0.946
827,827,3,10,120,92,Wednesday,4,0.652
828,828,4,5,100,53,Wednesday,4,0.9429999999999998
829,829,4,6,90,58,Wednesday,4,0.7759999999999999
830,830,5,8,120,92,Wednesday,4,0.652
831,831,5,12,80,59,Wednesday,4,0.6779999999999999
832,832,6,7,130,102,Wednesday,4,0.6364000000000001
833,833,7,9,120,76,Wednesday,4,0.7900999999999999
834,834,8,9,90,47,Wednesday,4,0.9570000000000001
835,835,9,11,70,51,Wednesday,4,0.6859999999999999
836,836,9,13,70,44,Wednesday,4,0.795
837,837,10,11,110,77,Wednesday,4,0.7140000000000002
838,838,10,13,100,67,Wednesday,4,0.7460000000000001
839,839,11,12,90,66,Wednesday,4,0.6820000000000002
840,840,0,1,60,30,Wednesday,6,1.0
841,841,0,2,110,80,Wednesday,6,0.6879999999999998
842,842,0,3,110,57,Wednesday,6,0.9649999999999999
843,843,1,2,100,69,Wednesday,6,0.7249999999999999
844,844,1,7,110,74,Wednesday,6,0.7430000000000001
845,845,2,5,60,38,Wednesday,6,0.7889999999999999
846,846,3,4,120,65,Wednesday,6,0.9229999999999998
847,847,3,10,80,47,Wednesday,6,0.851
848,848,4,5,70,35,Wednesday,6,1.0
849,849,4,6,70,43,Wednesday,6,0.8140000000000001
850,850,5,8,80,52,Wednesday,6,0.7705
851,851,5,12,100,78,Wednesday,6,0.6409999999999999
852,852,6,7,130,97,Wednesday,6,0.67
853,853,7,9,90,46,Wednesday,6,0.978
854,854,8,9,140,94,Wednesday,6,0.7442
855,855,9,11,80,55,Wednesday,6,0.7270000000000001
856,856,9,13,50,30,Wednesday,6,0.833
857,857,10,11,110,69,Wednesday,6,0.7969999999999999
858,858,10,13,100,76,Wednesday,6,0.6579999999999998
859,859,11,12,110,76,Wednesday,6,0.7240000000000001
860,860,0,1,70,46,Wednesday,8,0.7609999999999999
861,861,0,2,140,79,Wednesday,8,0.8859999999999999
862,862,0,3,90,51,Wednesday,8,0.8819999999999999
863,863,1,2,120,77,Wednesday,8,0.7769999999999999
864,864,1,7,70,52,Wednesday,8,0.6729999999999999
865,865,2,5,60,39,Wednesday,8,0.769
866,866,3,4,80,62,Wednesday,8,0.6449999999999999
867,867,3,10,110,60,Wednesday,8,0.9184999999999999
868,868,4,5,50,35,Wednesday,8,0.7140000000000003
869,869,4,6,70,41,Wednesday,8,0.8540000000000003
870,870,5,8,50,30,Wednesday,8,0.833
871,871,5,12,50,36,Wednesday,8,0.6940000000000001
872,872,6,7,60,44,Wednesday,8,0.6820000000000002
873,873,7,9,130,73,Wednesday,8,0.8899999999999999
874,874,8,9,70,50,Wednesday,8,0.7000000000000001
875,875,9,11,130,71,Wednesday,8,0.9164000000000001
876,876,9,13,140,93,Wednesday,8,0.7538
877,877,10,11,80,42,Wednesday,8,0.9520000000000002
878,878,10,13,50,36,Wednesday,8,0.6940000000000001
879,879,11,12,100,74,Wednesday,8,0.676
880,880,0,1,70,52,Wednesday,10,0.6729999999999999
881,881,0,2,60,58,Wednesday,10,0.5170000000000001
882,882,0,3,140,115,Wednesday,10,0.609
883,883,1,2,140,132,Wednesday,10,0.5304000000000001
884,884,1,7,70,54,Wednesday,10,0.6479999999999999
885,885,2,5,100,94,Wednesday,10,0.532
886,886,3,4,90,70,Wednesday,10,0.6429999999999999
887,887,3,10,80,69,Wednesday,10,0.58
888,888,4,5,60,59,Wednesday,10,0.508
889,889,4,6,90,74,Wednesday,10,0.6079999999999999
890,890,5,8,60,43,Wednesday,10,0.6980000000000002
891,891,5,12,50,36,Wednesday,10,0.6940000000000001
892,892,6,7,140,130,Wednesday,10,0.538
893,893,7,9,80,60,Wednesday,10,0.6669999999999999
894,894,8,9,70,60,Wednesday,10,0.5830000000000001
895,895,9,11,60,42,Wednesday,10,0.7140000000000003
896,896,9,13,90,84,Wednesday,10,0.5359999999999999
897,897,10,11,140,111,Wednesday,10,0.6310000000000001
898,898,10,13,50,43,Wednesday,10,0.5809999999999998
899,899,11,12,80,57,Wednesday,10,0.7020000000000001
900,900,0,1,80,60,Wednesday,12,0.6669999999999999
901,901,0,2,110,102,Wednesday,12,0.5389999999999999
902,902,0,3,110,95,Wednesday,12,0.5777999999999999
903,903,1,2,130,96,Wednesday,12,0.6769999999999998
904,904,1,7,50,38,Wednesday,12,0.6579999999999998
905,905,2,5,110,89,Wednesday,12,0.618
906,906,3,4,110,95,Wednesday,12,0.5777999999999999
907,907,3,10,130,110,Wednesday,12,0.5910000000000001
908,908,4,5,120,85,Wednesday,12,0.7059999999999998
909,909,4,6,120,115,Wednesday,12,0.5220000000000001
910,910,5,8,70,64,Wednesday,12,0.5469999999999999
911,911,5,12,70,66,Wednesday,12,0.5300000000000001
912,912,6,7,50,43,Wednesday,12,0.5809999999999998
913,913,7,9,130,93,Wednesday,12,0.6998
914,914,8,9,120,115,Wednesday,12,0.5220000000000001
915,915,9,11,100,96,Wednesday,12,0.521
916,916,9,13,140,136,Wednesday,12,0.5149999999999999
917,917,10,11,80,75,Wednesday,12,0.5329999999999998
918,918,10,13,130,128,Wednesday,12,0.5076
919,919,11,12,100,86,Wednesday,12,0.5816999999999999
920,920,0,1,80,67,Wednesday,14,0.5970000000000001
921,921,0,2,140,106,Wednesday,14,0.66
922,922,0,3,110,77,Wednesday,14,0.7140000000000002
923,923,1,2,100,97,Wednesday,14,0.515
924,924,1,7,140,120,Wednesday,14,0.5822
925,925,2,5,50,46,Wednesday,14,0.543
926,926,3,4,140,101,Wednesday,14,0.6929999999999998
927,927,3,10,90,69,Wednesday,14,0.652
928,928,4,5,90,88,Wednesday,14,0.511
929,929,4,6,70,60,Wednesday,14,0.5830000000000001
930,930,5,8,140,135,Wednesday,14,0.519
931,931,5,12,70,64,Wednesday,14,0.5469999999999999
932,932,6,7,120,91,Wednesday,14,0.6590999999999999
933,933,7,9,90,89,Wednesday,14,0.5060000000000001
934,934,8,9,120,85,Wednesday,14,0.7059999999999998
935,935,9,11,140,108,Wednesday,14,0.6479999999999999
936,936,9,13,110,97,Wednesday,14,0.5670000000000001
937,937,10,11,110,78,Wednesday,14,0.7059
938,938,10,13,50,38,Wednesday,14,0.6579999999999998
939,939,11,12,90,72,Wednesday,14,0.625
940,940,0,1,80,70,Wednesday,16,0.571
941,941,0,2,70,69,Wednesday,16,0.5069999999999999
942,942,0,3,80,79,Wednesday,16,0.5060000000000001
943,943,1,2,140,119,Wednesday,16,0.588
944,944,1,7,120,91,Wednesday,16,0.6590999999999999
945,945,2,5,80,65,Wednesday,16,0.6150000000000001
946,946,3,4,80,71,Wednesday,16,0.5629999999999998
947,947,3,10,140,106,Wednesday,16,0.66
948,948,4,5,60,52,Wednesday,16,0.5770000000000001
949,949,4,6,70,66,Wednesday,16,0.5300000000000001
950,950,5,8,70,52,Wednesday,16,0.6729999999999999
951,951,5,12,50,48,Wednesday,16,0.521
952,952,6,7,100,97,Wednesday,16,0.515
953,953,7,9,140,100,Wednesday,16,0.7
954,954,8,9,60,58,Wednesday,16,0.5170000000000001
955,955,9,11,130,106,Wednesday,16,0.6129999999999999
956,956,9,13,50,49,Wednesday,16,0.5099999999999999
957,957,10,11,140,126,Wednesday,16,0.5559000000000001
958,958,10,13,100,70,Wednesday,16,0.7140000000000002
959,959,11,12,100,78,Wednesday,16,0.6409999999999999
960,960,0,1,120,89,Wednesday,18,0.6764000000000002
961,961,0,2,70,60,Wednesday,18,0.5830000000000001
962,962,0,3,60,51,Wednesday,18,0.588
963,963,1,2,60,49,Wednesday,18,0.612
964,964,1,7,90,71,Wednesday,18,0.6340000000000001
965,965,2,5,140,112,Wednesday,18,0.625
966,966,3,4,100,74,Wednesday,18,0.676
967,967,3,10,100,72,Wednesday,18,0.6940000000000001
968,968,4,5,50,47,Wednesday,18,0.532
969,969,4,6,50,42,Wednesday,18,0.5949999999999999
970,970,5,8,100,70,Wednesday,18,0.7140000000000002
971,971,5,12,50,41,Wednesday,18,0.61
972,972,6,7,100,85,Wednesday,18,0.588
973,973,7,9,100,85,Wednesday,18,0.588
974,974,8,9,80,58,Wednesday,18,0.6899999999999998
975,975,9,11,70,52,Wednesday,18,0.6729999999999999
976,976,9,13,60,43,Wednesday,18,0.6980000000000002
977,977,10,11,60,42,Wednesday,18,0.7140000000000003
978,978,10,13,80,64,Wednesday,18,0.625
979,979,11,12,120,112,Wednesday,18,0.5365
980,980,0,1,50,30,Wednesday,20,0.833
981,981,0,2,90,57,Wednesday,20,0.7863999999999999
982,982,0,3,140,99,Wednesday,20,0.7062999999999999
983,983,1,2,60,34,Wednesday,20,0.8819999999999999
984,984,1,7,50,31,Wednesday,20,0.8059999999999998
985,985,2,5,80,48,Wednesday,20,0.833
986,986,3,4,110,82,Wednesday,20,0.6742000000000001
987,987,3,10,60,35,Wednesday,20,0.857
988,988,4,5,130,92,Wednesday,20,0.707
989,989,4,6,70,40,Wednesday,20,0.875
990,990,5,8,140,96,Wednesday,20,0.7290000000000001
991,991,5,12,130,81,Wednesday,20,0.8010999999999999
992,992,6,7,140,90,Wednesday,20,0.7771000000000002
993,993,7,9,60,45,Wednesday,20,0.6669999999999999
994,994,8,9,70,44,Wednesday,20,0.7933
995,995,9,11,120,91,Wednesday,20,0.6597999999999999
996,996,9,13,100,54,Wednesday,20,0.9259999999999999
997,997,10,11,60,33,Wednesday,20,0.9090000000000004
998,998,10,13,140,84,Wednesday,20,0.833
999,999,11,12,50,29,Wednesday,20,0.8619999999999999
1000,1000,0,1,80,63,Wednesday,22,0.6349999999999999
1001,1001,0,2,120,69,Wednesday,22,0.8686
1002,1002,0,3,80,47,Wednesday,22,0.851
1003,1003,1,2,60,33,Wednesday,22,0.9090000000000004
1004,1004,1,7,90,64,Wednesday,22,0.7008000000000001
1005,1005,2,5,110,62,Wednesday,22,0.8870000000000002
1006,1006,3,4,130,72,Wednesday,22,0.9168000000000001
1007,1007,3,10,120,87,Wednesday,22,0.6891999999999999
1008,1008,4,5,110,63,Wednesday,22,0.873
1009,1009,4,6,90,69,Wednesday,22,0.652
1010,1010,5,8,80,46,Wednesday,22,0.8718999999999999
1011,1011,5,12,140,88,Wednesday,22,0.795
1012,1012,6,7,80,57,Wednesday,22,0.7020000000000001
1013,1013,7,9,130,76,Wednesday,22,0.8562000000000001
1014,1014,8,9,120,92,Wednesday,22,0.6527000000000001
1015,1015,9,11,60,35,Wednesday,22,0.857
1016,1016,9,13,130,67,Wednesday,22,0.9574999999999999
1017,1017,10,11,120,92,Wednesday,22,0.6527000000000001
1018,1018,10,13,80,47,Wednesday,22,0.851
1019,1019,11,12,70,50,Wednesday,22,0.7000000000000001
1020,1020,0,1,80,61,Wednesday,24,0.6559999999999998
1021,1021,0,2,100,62,Wednesday,24,0.8059999999999998
1022,1022,0,3,110,57,Wednesday,24,0.9650000000000001
1023,1023,1,2,130,88,Wednesday,24,0.739
1024,1024,1,7,80,61,Wednesday,24,0.6559999999999998
1025,1025,2,5,140,94,Wednesday,24,0.7466
1026,1026,3,4,100,72,Wednesday,24,0.6940000000000001
1027,1027,3,10,90,68,Wednesday,24,0.662
1028,1028,4,5,60,46,Wednesday,24,0.652
1029,1029,4,6,50,35,Wednesday,24,0.7140000000000002
1030,1030,5,8,110,69,Wednesday,24,0.7947999999999998
1031,1031,5,12,120,70,Wednesday,24,0.857
1032,1032,6,7,60,47,Wednesday,24,0.638
1033,1033,7,9,80,47,Wednesday,24,0.851
1034,1034,8,9,80,42,Wednesday,24,0.9544
1035,1035,9,11,70,55,Wednesday,24,0.636
1036,1036,9,13,100,51,Wednesday,24,0.9702
1037,1037,10,11,100,57,Wednesday,24,0.877
1038,1038,10,13,120,79,Wednesday,24,0.7590000000000001
1039,1039,11,12,100,68,Wednesday,24,0.7350000000000001
1040,1040,0,1,130,68,Thrusday,0,0.9559999999999997
1041,1041,0,2,70,43,Thrusday,0,0.8140000000000001
1042,1042,0,3,80,62,Thrusday,0,0.6449999999999999
1043,1043,1,2,110,77,Thrusday,0,0.7140000000000002
1044,1044,1,7,110,73,Thrusday,0,0.7521000000000001
1045,1045,2,5,70,54,Thrusday,0,0.6479999999999999
1046,1046,3,4,100,54,Thrusday,0,0.9259999999999999
1047,1047,3,10,70,54,Thrusday,0,0.6479999999999999
1048,1048,4,5,120,90,Thrusday,0,0.6669999999999999
1049,1049,4,6,120,83,Thrusday,0,0.723
1050,1050,5,8,70,54,Thrusday,0,0.6479999999999999
1051,1051,5,12,50,35,Thrusday,0,0.7140000000000003
1052,1052,6,7,50,33,Thrusday,0,0.758
1053,1053,7,9,90,45,Thrusday,0,1.0
1054,1054,8,9,60,43,Thrusday,0,0.6980000000000002
1055,1055,9,11,50,29,Thrusday,0,0.8619999999999999
1056,1056,9,13,140,82,Thrusday,0,0.8550000000000001
1057,1057,10,11,90,49,Thrusday,0,0.9179999999999999
1058,1058,10,13,140,108,Thrusday,0,0.6479999999999999
1059,1059,11,12,120,84,Thrusday,0,0.7140000000000003
1060,1060,0,1,70,48,Thrusday,2,0.7290000000000001
1061,1061,0,2,50,33,Thrusday,2,0.758
1062,1062,0,3,90,59,Thrusday,2,0.7616999999999999
1063,1063,1,2,90,52,Thrusday,2,0.865
1064,1064,1,7,130,65,Thrusday,2,1.0
1065,1065,2,5,110,66,Thrusday,2,0.833
1066,1066,3,4,60,39,Thrusday,2,0.769
1067,1067,3,10,50,39,Thrusday,2,0.6409999999999999
1068,1068,4,5,90,49,Thrusday,2,0.9179999999999999
1069,1069,4,6,120,95,Thrusday,2,0.6319999999999999
1070,1070,5,8,100,57,Thrusday,2,0.877
1071,1071,5,12,130,103,Thrusday,2,0.6310000000000001
1072,1072,6,7,100,79,Thrusday,2,0.633
1073,1073,7,9,130,71,Thrusday,2,0.9164000000000001
1074,1074,8,9,60,45,Thrusday,2,0.6669999999999999
1075,1075,9,11,130,75,Thrusday,2,0.867
1076,1076,9,13,80,46,Thrusday,2,0.8699999999999999
1077,1077,10,11,60,41,Thrusday,2,0.732
1078,1078,10,13,140,94,Thrusday,2,0.7442
1079,1079,11,12,130,95,Thrusday,2,0.6833
1080,1080,0,1,110,59,Thrusday,4,0.929
1081,1081,0,2,110,82,Thrusday,4,0.671
1082,1082,0,3,120,69,Thrusday,4,0.8712
1083,1083,1,2,130,71,Thrusday,4,0.9164000000000001
1084,1084,1,7,50,31,Thrusday,4,0.8059999999999998
1085,1085,2,5,90,64,Thrusday,4,0.7030000000000001
1086,1086,3,4,130,86,Thrusday,4,0.7569000000000001
1087,1087,3,10,120,90,Thrusday,4,0.6669999999999999
1088,1088,4,5,90,48,Thrusday,4,0.938
1089,1089,4,6,140,103,Thrusday,4,0.6799999999999999
1090,1090,5,8,90,47,Thrusday,4,0.9570000000000001
1091,1091,5,12,50,37,Thrusday,4,0.676
1092,1092,6,7,100,66,Thrusday,4,0.758
1093,1093,7,9,50,28,Thrusday,4,0.8930000000000003
1094,1094,8,9,110,64,Thrusday,4,0.8590000000000002
1095,1095,9,11,80,44,Thrusday,4,0.9090000000000001
1096,1096,9,13,100,50,Thrusday,4,1.0
1097,1097,10,11,80,60,Thrusday,4,0.6669999999999999
1098,1098,10,13,60,39,Thrusday,4,0.769
1099,1099,11,12,110,83,Thrusday,4,0.663
1100,1100,0,1,50,34,Thrusday,6,0.7350000000000001
1101,1101,0,2,60,39,Thrusday,6,0.769
1102,1102,0,3,60,39,Thrusday,6,0.769
1103,1103,1,2,120,83,Thrusday,6,0.723
1104,1104,1,7,100,56,Thrusday,6,0.893
1105,1105,2,5,140,83,Thrusday,6,0.843
1106,1106,3,4,130,79,Thrusday,6,0.8219000000000001
1107,1107,3,10,100,69,Thrusday,6,0.7249999999999999
1108,1108,4,5,100,75,Thrusday,6,0.6669999999999999
1109,1109,4,6,50,28,Thrusday,6,0.8930000000000003
1110,1110,5,8,70,46,Thrusday,6,0.7609999999999999
1111,1111,5,12,80,53,Thrusday,6,0.755
1112,1112,6,7,140,107,Thrusday,6,0.654
1113,1113,7,9,120,88,Thrusday,6,0.6812000000000001
1114,1114,8,9,50,32,Thrusday,6,0.7809999999999999
1115,1115,9,11,120,93,Thrusday,6,0.6456999999999999
1116,1116,9,13,70,52,Thrusday,6,0.6729999999999999
1117,1117,10,11,80,44,Thrusday,6,0.9090000000000001
1118,1118,10,13,140,74,Thrusday,6,0.946
1119,1119,11,12,130,76,Thrusday,6,0.8550000000000002
1120,1120,0,1,90,66,Thrusday,8,0.6820000000000002
1121,1121,0,2,120,79,Thrusday,8,0.7590000000000001
1122,1122,0,3,120,80,Thrusday,8,0.75
1123,1123,1,2,60,32,Thrusday,8,0.9380000000000001
1124,1124,1,7,130,68,Thrusday,8,0.9559999999999997
1125,1125,2,5,140,97,Thrusday,8,0.7219999999999999
1126,1126,3,4,110,56,Thrusday,8,0.982
1127,1127,3,10,120,73,Thrusday,8,0.8220000000000001
1128,1128,4,5,80,56,Thrusday,8,0.7140000000000002
1129,1129,4,6,110,83,Thrusday,8,0.663
1130,1130,5,8,70,40,Thrusday,8,0.875
1131,1131,5,12,100,64,Thrusday,8,0.7809999999999998
1132,1132,6,7,80,48,Thrusday,8,0.833
1133,1133,7,9,100,58,Thrusday,8,0.8619999999999999
1134,1134,8,9,80,45,Thrusday,8,0.889
1135,1135,9,11,90,49,Thrusday,8,0.9179999999999999
1136,1136,9,13,60,42,Thrusday,8,0.7140000000000002
1137,1137,10,11,90,61,Thrusday,8,0.7379999999999999
1138,1138,10,13,100,52,Thrusday,8,0.962
1139,1139,11,12,60,46,Thrusday,8,0.652
1140,1140,0,1,120,112,Thrusday,10,0.5359999999999999
1141,1141,0,2,130,96,Thrusday,10,0.6769999999999998
1142,1142,0,3,90,88,Thrusday,10,0.511
1143,1143,1,2,60,58,Thrusday,10,0.5170000000000001
1144,1144,1,7,140,102,Thrusday,10,0.6859999999999999
1145,1145,2,5,50,44,Thrusday,10,0.5679999999999998
1146,1146,3,4,80,64,Thrusday,10,0.625
1147,1147,3,10,120,91,Thrusday,10,0.6590999999999999
1148,1148,4,5,60,48,Thrusday,10,0.625
1149,1149,4,6,70,51,Thrusday,10,0.6859999999999999
1150,1150,5,8,130,91,Thrusday,10,0.7133000000000002
1151,1151,5,12,110,103,Thrusday,10,0.5339999999999999
1152,1152,6,7,70,54,Thrusday,10,0.6479999999999999
1153,1153,7,9,60,57,Thrusday,10,0.5259999999999999
1154,1154,8,9,130,94,Thrusday,10,0.6918
1155,1155,9,11,100,83,Thrusday,10,0.6020000000000001
1156,1156,9,13,120,109,Thrusday,10,0.5499999999999999
1157,1157,10,11,110,100,Thrusday,10,0.5499999999999999
1158,1158,10,13,60,53,Thrusday,10,0.5660000000000001
1159,1159,11,12,100,90,Thrusday,10,0.556
1160,1160,0,1,130,119,Thrusday,12,0.5465000000000002
1161,1161,0,2,90,72,Thrusday,12,0.625
1162,1162,0,3,80,74,Thrusday,12,0.5410000000000001
1163,1163,1,2,70,62,Thrusday,12,0.5649999999999998
1164,1164,1,7,120,94,Thrusday,12,0.6386999999999999
1165,1165,2,5,100,74,Thrusday,12,0.676
1166,1166,3,4,120,84,Thrusday,12,0.7140000000000002
1167,1167,3,10,100,70,Thrusday,12,0.7140000000000002
1168,1168,4,5,90,67,Thrusday,12,0.6719999999999999
1169,1169,4,6,130,96,Thrusday,12,0.6769999999999998
1170,1170,5,8,140,123,Thrusday,12,0.569
1171,1171,5,12,100,96,Thrusday,12,0.521
1172,1172,6,7,60,52,Thrusday,12,0.5770000000000001
1173,1173,7,9,110,82,Thrusday,12,0.671
1174,1174,8,9,130,96,Thrusday,12,0.6769999999999998
1175,1175,9,11,60,51,Thrusday,12,0.588
1176,1176,9,13,70,69,Thrusday,12,0.5069999999999999
1177,1177,10,11,110,107,Thrusday,12,0.5145000000000002
1178,1178,10,13,60,53,Thrusday,12,0.5660000000000001
1179,1179,11,12,60,51,Thrusday,12,0.588
1180,1180,0,1,100,79,Thrusday,14,0.633
1181,1181,0,2,110,98,Thrusday,14,0.561
1182,1182,0,3,110,101,Thrusday,14,0.5455
1183,1183,1,2,130,106,Thrusday,14,0.6129999999999999
1184,1184,1,7,50,41,Thrusday,14,0.61
1185,1185,2,5,120,115,Thrusday,14,0.5220000000000001
1186,1186,3,4,90,76,Thrusday,14,0.5920000000000001
1187,1187,3,10,60,53,Thrusday,14,0.5660000000000001
1188,1188,4,5,140,134,Thrusday,14,0.5220000000000001
1189,1189,4,6,70,61,Thrusday,14,0.574
1190,1190,5,8,60,54,Thrusday,14,0.556
1191,1191,5,12,100,90,Thrusday,14,0.556
1192,1192,6,7,50,45,Thrusday,14,0.556
1193,1193,7,9,80,57,Thrusday,14,0.7020000000000001
1194,1194,8,9,140,121,Thrusday,14,0.5789999999999998
1195,1195,9,11,140,119,Thrusday,14,0.588
1196,1196,9,13,70,63,Thrusday,14,0.556
1197,1197,10,11,100,82,Thrusday,14,0.6100000000000001
1198,1198,10,13,50,39,Thrusday,14,0.6409999999999999
1199,1199,11,12,130,108,Thrusday,14,0.6035000000000001
1200,1200,0,1,120,118,Thrusday,16,0.508
1201,1201,0,2,130,103,Thrusday,16,0.6304000000000001
1202,1202,0,3,100,73,Thrusday,16,0.6850000000000002
1203,1203,1,2,80,74,Thrusday,16,0.5410000000000001
1204,1204,1,7,140,128,Thrusday,16,0.5473999999999999
1205,1205,2,5,70,63,Thrusday,16,0.556
1206,1206,3,4,50,43,Thrusday,16,0.5809999999999998
1207,1207,3,10,90,84,Thrusday,16,0.5359999999999999
1208,1208,4,5,120,111,Thrusday,16,0.5410000000000001
1209,1209,4,6,100,81,Thrusday,16,0.617
1210,1210,5,8,90,79,Thrusday,16,0.5700000000000001
1211,1211,5,12,140,127,Thrusday,16,0.5525000000000001
1212,1212,6,7,70,52,Thrusday,16,0.6729999999999999
1213,1213,7,9,140,123,Thrusday,16,0.569
1214,1214,8,9,70,59,Thrusday,16,0.593
1215,1215,9,11,60,49,Thrusday,16,0.612
1216,1216,9,13,130,96,Thrusday,16,0.6769999999999998
1217,1217,10,11,110,87,Thrusday,16,0.6319999999999999
1218,1218,10,13,60,55,Thrusday,16,0.545
1219,1219,11,12,110,80,Thrusday,16,0.6879999999999998
1220,1220,0,1,60,42,Thrusday,18,0.7140000000000003
1221,1221,0,2,90,64,Thrusday,18,0.7030000000000002
1222,1222,0,3,90,88,Thrusday,18,0.511
1223,1223,1,2,60,44,Thrusday,18,0.6820000000000002
1224,1224,1,7,50,46,Thrusday,18,0.543
1225,1225,2,5,130,111,Thrusday,18,0.5865
1226,1226,3,4,110,103,Thrusday,18,0.5339999999999999
1227,1227,3,10,130,112,Thrusday,18,0.5795
1228,1228,4,5,110,80,Thrusday,18,0.6879999999999998
1229,1229,4,6,130,124,Thrusday,18,0.5244
1230,1230,5,8,50,46,Thrusday,18,0.543
1231,1231,5,12,70,53,Thrusday,18,0.66
1232,1232,6,7,60,57,Thrusday,18,0.5259999999999999
1233,1233,7,9,60,58,Thrusday,18,0.5170000000000001
1234,1234,8,9,60,57,Thrusday,18,0.5259999999999999
1235,1235,9,11,130,119,Thrusday,18,0.5465000000000002
1236,1236,9,13,110,78,Thrusday,18,0.7059
1237,1237,10,11,100,89,Thrusday,18,0.5620000000000002
1238,1238,10,13,100,85,Thrusday,18,0.588
1239,1239,11,12,70,64,Thrusday,18,0.5469999999999999
1240,1240,0,1,110,68,Thrusday,20,0.8055000000000001
1241,1241,0,2,120,67,Thrusday,20,0.8945999999999998
1242,1242,0,3,80,59,Thrusday,20,0.6779999999999999
1243,1243,1,2,50,26,Thrusday,20,0.962
1244,1244,1,7,100,56,Thrusday,20,0.893
1245,1245,2,5,50,33,Thrusday,20,0.7626
1246,1246,3,4,80,51,Thrusday,20,0.7826
1247,1247,3,10,50,32,Thrusday,20,0.7809999999999998
1248,1248,4,5,90,70,Thrusday,20,0.6420999999999999
1249,1249,4,6,50,25,Thrusday,20,1.0
1250,1250,5,8,70,39,Thrusday,20,0.897
1251,1251,5,12,90,68,Thrusday,20,0.66
1252,1252,6,7,90,52,Thrusday,20,0.865
1253,1253,7,9,90,53,Thrusday,20,0.849
1254,1254,8,9,70,50,Thrusday,20,0.7000000000000001
1255,1255,9,11,140,77,Thrusday,20,0.9066000000000001
1256,1256,9,13,110,79,Thrusday,20,0.6944999999999999
1257,1257,10,11,100,63,Thrusday,20,0.7939999999999999
1258,1258,10,13,110,77,Thrusday,20,0.7140000000000002
1259,1259,11,12,100,63,Thrusday,20,0.7939999999999999
1260,1260,0,1,50,34,Thrusday,22,0.7350000000000001
1261,1261,0,2,140,102,Thrusday,22,0.6855
1262,1262,0,3,140,81,Thrusday,22,0.8640000000000001
1263,1263,1,2,90,52,Thrusday,22,0.865
1264,1264,1,7,60,41,Thrusday,22,0.732
1265,1265,2,5,80,62,Thrusday,22,0.6449999999999999
1266,1266,3,4,70,39,Thrusday,22,0.897
1267,1267,3,10,70,46,Thrusday,22,0.761
1268,1268,4,5,60,36,Thrusday,22,0.833
1269,1269,4,6,130,102,Thrusday,22,0.6370000000000001
1270,1270,5,8,90,65,Thrusday,22,0.6931
1271,1271,5,12,50,32,Thrusday,22,0.7809999999999998
1272,1272,6,7,120,94,Thrusday,22,0.6374
1273,1273,7,9,100,71,Thrusday,22,0.703
1274,1274,8,9,50,32,Thrusday,22,0.7809999999999998
1275,1275,9,11,100,57,Thrusday,22,0.877
1276,1276,9,13,90,61,Thrusday,22,0.7379999999999999
1277,1277,10,11,80,57,Thrusday,22,0.7020000000000001
1278,1278,10,13,50,32,Thrusday,22,0.7809999999999998
1279,1279,11,12,70,47,Thrusday,22,0.745
1280,1280,0,1,110,61,Thrusday,24,0.9004999999999999
1281,1281,0,2,70,37,Thrusday,24,0.9485999999999999
1282,1282,0,3,70,41,Thrusday,24,0.8540000000000001
1283,1283,1,2,130,94,Thrusday,24,0.691
1284,1284,1,7,140,84,Thrusday,24,0.8321
1285,1285,2,5,80,40,Thrusday,24,1.0
1286,1286,3,4,100,55,Thrusday,24,0.909
1287,1287,3,10,140,70,Thrusday,24,0.9859
1288,1288,4,5,100,78,Thrusday,24,0.6401999999999999
1289,1289,4,6,90,67,Thrusday,24,0.6729999999999998
1290,1290,5,8,90,66,Thrusday,24,0.6810000000000003
1291,1291,5,12,90,56,Thrusday,24,0.8026
1292,1292,6,7,130,65,Thrusday,24,0.984
1293,1293,7,9,50,30,Thrusday,24,0.833
1294,1294,8,9,110,83,Thrusday,24,0.663
1295,1295,9,11,100,57,Thrusday,24,0.877
1296,1296,9,13,100,68,Thrusday,24,0.7350000000000001
1297,1297,10,11,80,52,Thrusday,24,0.7705
1298,1298,10,13,50,27,Thrusday,24,0.9259999999999999
1299,1299,11,12,70,51,Thrusday,24,0.6859999999999999
1300,1300,0,1,120,63,Friday,0,0.9520000000000002
1301,1301,0,2,90,60,Friday,0,0.75
1302,1302,0,3,80,61,Friday,0,0.6559999999999998
1303,1303,1,2,140,79,Friday,0,0.8859999999999999
1304,1304,1,7,70,36,Friday,0,0.9719999999999998
1305,1305,2,5,130,72,Friday,0,0.9030000000000001
1306,1306,3,4,80,61,Friday,0,0.6559999999999998
1307,1307,3,10,140,70,Friday,0,1.0
1308,1308,4,5,110,84,Friday,0,0.6550000000000001
1309,1309,4,6,90,65,Friday,0,0.6931
1310,1310,5,8,80,51,Friday,0,0.7839999999999999
1311,1311,5,12,120,84,Friday,0,0.7140000000000003
1312,1312,6,7,80,48,Friday,0,0.833
1313,1313,7,9,140,83,Friday,0,0.843
1314,1314,8,9,60,40,Friday,0,0.75
1315,1315,9,11,50,35,Friday,0,0.7140000000000003
1316,1316,9,13,80,52,Friday,0,0.7705
1317,1317,10,11,100,61,Friday,0,0.8200000000000001
1318,1318,10,13,100,63,Friday,0,0.7940000000000002
1319,1319,11,12,140,101,Friday,0,0.6929999999999998
1320,1320,0,1,50,29,Friday,2,0.8619999999999999
1321,1321,0,2,60,47,Friday,2,0.638
1322,1322,0,3,110,71,Friday,2,0.7750000000000001
1323,1323,1,2,130,65,Friday,2,1.0
1324,1324,1,7,140,90,Friday,2,0.7779999999999999
1325,1325,2,5,90,48,Friday,2,0.938
1326,1326,3,4,70,48,Friday,2,0.7290000000000001
1327,1327,3,10,70,40,Friday,2,0.875
1328,1328,4,5,100,73,Friday,2,0.6850000000000002
1329,1329,4,6,90,57,Friday,2,0.7889999999999999
1330,1330,5,8,80,51,Friday,2,0.7839999999999999
1331,1331,5,12,120,79,Friday,2,0.7600000000000001
1332,1332,6,7,70,53,Friday,2,0.66
1333,1333,7,9,100,67,Friday,2,0.7460000000000001
1334,1334,8,9,130,82,Friday,2,0.793
1335,1335,9,11,90,66,Friday,2,0.6820000000000002
1336,1336,9,13,100,71,Friday,2,0.704
1337,1337,10,11,120,90,Friday,2,0.6669999999999999
1338,1338,10,13,80,52,Friday,2,0.7705
1339,1339,11,12,140,101,Friday,2,0.6929999999999998
1340,1340,0,1,70,54,Friday,4,0.6479999999999999
1341,1341,0,2,70,51,Friday,4,0.6874
1342,1342,0,3,80,57,Friday,4,0.7020000000000001
1343,1343,1,2,50,27,Friday,4,0.9259999999999999
1344,1344,1,7,50,37,Friday,4,0.676
1345,1345,2,5,120,77,Friday,4,0.7779999999999999
1346,1346,3,4,110,86,Friday,4,0.6407
1347,1347,3,10,80,58,Friday,4,0.6899999999999998
1348,1348,4,5,100,71,Friday,4,0.704
1349,1349,4,6,120,73,Friday,4,0.8220000000000001
1350,1350,5,8,130,74,Friday,4,0.8779999999999999
1351,1351,5,12,120,62,Friday,4,0.968
1352,1352,6,7,130,81,Friday,4,0.8029999999999999
1353,1353,7,9,130,99,Friday,4,0.6594
1354,1354,8,9,100,60,Friday,4,0.833
1355,1355,9,11,60,40,Friday,4,0.75
1356,1356,9,13,130,87,Friday,4,0.747
1357,1357,10,11,50,33,Friday,4,0.758
1358,1358,10,13,140,80,Friday,4,0.8739000000000001
1359,1359,11,12,140,98,Friday,4,0.7140000000000002
1360,1360,0,1,70,53,Friday,6,0.66
1361,1361,0,2,130,85,Friday,6,0.7658999999999999
1362,1362,0,3,80,63,Friday,6,0.6349999999999999
1363,1363,1,2,60,42,Friday,6,0.7140000000000002
1364,1364,1,7,120,94,Friday,6,0.6387
1365,1365,2,5,100,56,Friday,6,0.893
1366,1366,3,4,140,76,Friday,6,0.9209999999999999
1367,1367,3,10,90,55,Friday,6,0.8179999999999998
1368,1368,4,5,90,47,Friday,6,0.9570000000000001
1369,1369,4,6,50,38,Friday,6,0.658
1370,1370,5,8,140,91,Friday,6,0.769
1371,1371,5,12,90,49,Friday,6,0.9179999999999999
1372,1372,6,7,100,76,Friday,6,0.6579999999999998
1373,1373,7,9,50,32,Friday,6,0.7809999999999999
1374,1374,8,9,80,49,Friday,6,0.8160000000000001
1375,1375,9,11,50,33,Friday,6,0.758
1376,1376,9,13,120,91,Friday,6,0.6589999999999999
1377,1377,10,11,110,72,Friday,6,0.7640000000000001
1378,1378,10,13,110,67,Friday,6,0.821
1379,1379,11,12,50,25,Friday,6,1.0
1380,1380,0,1,120,91,Friday,8,0.6589999999999999
1381,1381,0,2,110,82,Friday,8,0.671
1382,1382,0,3,60,30,Friday,8,1.0
1383,1383,1,2,130,100,Friday,8,0.6507000000000002
1384,1384,1,7,50,28,Friday,8,0.8930000000000003
1385,1385,2,5,90,66,Friday,8,0.6820000000000002
1386,1386,3,4,80,43,Friday,8,0.9299999999999999
1387,1387,3,10,70,35,Friday,8,1.0
1388,1388,4,5,80,54,Friday,8,0.7409999999999999
1389,1389,4,6,140,92,Friday,8,0.7609999999999999
1390,1390,5,8,140,72,Friday,8,0.9719999999999999
1391,1391,5,12,100,74,Friday,8,0.676
1392,1392,6,7,140,111,Friday,8,0.6310000000000001
1393,1393,7,9,60,38,Friday,8,0.7889999999999999
1394,1394,8,9,90,63,Friday,8,0.7140000000000002
1395,1395,9,11,50,25,Friday,8,1.0
1396,1396,9,13,140,72,Friday,8,0.9719999999999999
1397,1397,10,11,140,89,Friday,8,0.7878000000000001
1398,1398,10,13,100,59,Friday,8,0.8469999999999999
1399,1399,11,12,110,57,Friday,8,0.9632999999999999
1400,1400,0,1,100,98,Friday,10,0.5099999999999999
1401,1401,0,2,80,71,Friday,10,0.5629999999999998
1402,1402,0,3,90,71,Friday,10,0.6340000000000001
1403,1403,1,2,90,63,Friday,10,0.7140000000000003
1404,1404,1,7,90,74,Friday,10,0.6079999999999999
1405,1405,2,5,60,44,Friday,10,0.6820000000000002
1406,1406,3,4,130,93,Friday,10,0.6990000000000001
1407,1407,3,10,70,66,Friday,10,0.5300000000000001
1408,1408,4,5,140,128,Friday,10,0.5469999999999999
1409,1409,4,6,90,70,Friday,10,0.6429999999999999
1410,1410,5,8,110,100,Friday,10,0.5499999999999999
1411,1411,5,12,140,137,Friday,10,0.5099
1412,1412,6,7,140,118,Friday,10,0.593
1413,1413,7,9,60,48,Friday,10,0.625
1414,1414,8,9,100,82,Friday,10,0.6100000000000001
1415,1415,9,11,100,96,Friday,10,0.521
1416,1416,9,13,110,89,Friday,10,0.618
1417,1417,10,11,130,107,Friday,10,0.6065000000000002
1418,1418,10,13,70,65,Friday,10,0.538
1419,1419,11,12,60,46,Friday,10,0.652
1420,1420,0,1,80,71,Friday,12,0.5629999999999998
1421,1421,0,2,120,95,Friday,12,0.6319999999999999
1422,1422,0,3,80,78,Friday,12,0.513
1423,1423,1,2,100,98,Friday,12,0.5099999999999999
1424,1424,1,7,70,62,Friday,12,0.5649999999999998
1425,1425,2,5,140,133,Friday,12,0.5259999999999999
1426,1426,3,4,110,100,Friday,12,0.5499999999999999
1427,1427,3,10,110,95,Friday,12,0.5777999999999999
1428,1428,4,5,140,130,Friday,12,0.538
1429,1429,4,6,90,69,Friday,12,0.652
1430,1430,5,8,100,75,Friday,12,0.6669999999999999
1431,1431,5,12,80,60,Friday,12,0.6669999999999999
1432,1432,6,7,130,128,Friday,12,0.5076
1433,1433,7,9,140,113,Friday,12,0.6189999999999999
1434,1434,8,9,130,92,Friday,12,0.7070000000000001
1435,1435,9,11,120,89,Friday,12,0.6741000000000003
1436,1436,9,13,80,71,Friday,12,0.5629999999999998
1437,1437,10,11,120,119,Friday,12,0.5039999999999999
1438,1438,10,13,110,103,Friday,12,0.5339999999999999
1439,1439,11,12,90,81,Friday,12,0.556
1440,1440,0,1,140,104,Friday,14,0.6737
1441,1441,0,2,110,92,Friday,14,0.598
1442,1442,0,3,100,96,Friday,14,0.521
1443,1443,1,2,90,72,Friday,14,0.625
1444,1444,1,7,120,102,Friday,14,0.588
1445,1445,2,5,110,95,Friday,14,0.5777999999999999
1446,1446,3,4,110,78,Friday,14,0.7068000000000001
1447,1447,3,10,100,90,Friday,14,0.556
1448,1448,4,5,130,126,Friday,14,0.516
1449,1449,4,6,60,58,Friday,14,0.5170000000000001
1450,1450,5,8,100,90,Friday,14,0.556
1451,1451,5,12,70,56,Friday,14,0.625
1452,1452,6,7,70,64,Friday,14,0.5469999999999999
1453,1453,7,9,50,47,Friday,14,0.532
1454,1454,8,9,120,97,Friday,14,0.6195999999999999
1455,1455,9,11,130,113,Friday,14,0.5755000000000001
1456,1456,9,13,130,109,Friday,14,0.596
1457,1457,10,11,90,75,Friday,14,0.5999999999999999
1458,1458,10,13,70,64,Friday,14,0.5469999999999999
1459,1459,11,12,90,79,Friday,14,0.5700000000000001
1460,1460,0,1,140,119,Friday,16,0.588
1461,1461,0,2,60,51,Friday,16,0.588
1462,1462,0,3,70,62,Friday,16,0.5649999999999998
1463,1463,1,2,50,47,Friday,16,0.532
1464,1464,1,7,70,62,Friday,16,0.5649999999999998
1465,1465,2,5,80,77,Friday,16,0.519
1466,1466,3,4,90,87,Friday,16,0.5170000000000001
1467,1467,3,10,140,124,Friday,16,0.5649999999999998
1468,1468,4,5,100,78,Friday,16,0.6409999999999999
1469,1469,4,6,110,103,Friday,16,0.5339999999999999
1470,1470,5,8,120,117,Friday,16,0.513
1471,1471,5,12,120,100,Friday,16,0.5999999999999999
1472,1472,6,7,80,73,Friday,16,0.5479999999999999
1473,1473,7,9,110,85,Friday,16,0.6470000000000001
1474,1474,8,9,50,49,Friday,16,0.5099999999999999
1475,1475,9,11,110,81,Friday,16,0.6758000000000001
1476,1476,9,13,140,139,Friday,16,0.5039999999999999
1477,1477,10,11,140,108,Friday,16,0.6479999999999999
1478,1478,10,13,60,55,Friday,16,0.545
1479,1479,11,12,50,35,Friday,16,0.7140000000000002
1480,1480,0,1,80,68,Friday,18,0.588
1481,1481,0,2,70,55,Friday,18,0.636
1482,1482,0,3,50,36,Friday,18,0.6940000000000001
1483,1483,1,2,110,107,Friday,18,0.5150000000000001
1484,1484,1,7,100,85,Friday,18,0.588
1485,1485,2,5,100,70,Friday,18,0.7140000000000002
1486,1486,3,4,120,117,Friday,18,0.513
1487,1487,3,10,100,93,Friday,18,0.5389999999999999
1488,1488,4,5,80,76,Friday,18,0.5259999999999999
1489,1489,4,6,110,80,Friday,18,0.6879999999999998
1490,1490,5,8,50,44,Friday,18,0.5679999999999998
1491,1491,5,12,120,102,Friday,18,0.588
1492,1492,6,7,80,57,Friday,18,0.7020000000000001
1493,1493,7,9,50,46,Friday,18,0.543
1494,1494,8,9,100,81,Friday,18,0.617
1495,1495,9,11,140,110,Friday,18,0.636
1496,1496,9,13,100,81,Friday,18,0.617
1497,1497,10,11,130,92,Friday,18,0.7070000000000001
1498,1498,10,13,140,114,Friday,18,0.614
1499,1499,11,12,140,118,Friday,18,0.593
1500,1500,0,1,120,87,Friday,20,0.6891999999999999
1501,1501,0,2,120,82,Friday,20,0.7338
1502,1502,0,3,110,84,Friday,20,0.6566000000000002
1503,1503,1,2,140,86,Friday,20,0.8140000000000001
1504,1504,1,7,120,80,Friday,20,0.75
1505,1505,2,5,80,54,Friday,20,0.7395999999999998
1506,1506,3,4,70,48,Friday,20,0.7290000000000001
1507,1507,3,10,100,50,Friday,20,1.0
1508,1508,4,5,120,66,Friday,20,0.9107000000000001
1509,1509,4,6,140,92,Friday,20,0.761
1510,1510,5,8,100,53,Friday,20,0.9429999999999998
1511,1511,5,12,100,54,Friday,20,0.9259999999999999
1512,1512,6,7,80,42,Friday,20,0.9544
1513,1513,7,9,50,28,Friday,20,0.893
1514,1514,8,9,80,55,Friday,20,0.7284000000000002
1515,1515,9,11,80,60,Friday,20,0.6669999999999999
1516,1516,9,13,90,57,Friday,20,0.7863999999999999
1517,1517,10,11,80,54,Friday,20,0.7409999999999999
1518,1518,10,13,140,84,Friday,20,0.833
1519,1519,11,12,100,59,Friday,20,0.8484999999999998
1520,1520,0,1,110,72,Friday,22,0.7640000000000001
1521,1521,0,2,100,53,Friday,22,0.9429999999999998
1522,1522,0,3,50,32,Friday,22,0.7786999999999998
1523,1523,1,2,140,99,Friday,22,0.7062999999999999
1524,1524,1,7,120,79,Friday,22,0.7590000000000001
1525,1525,2,5,60,40,Friday,22,0.7464000000000001
1526,1526,3,4,140,86,Friday,22,0.8140000000000001
1527,1527,3,10,100,70,Friday,22,0.7140000000000002
1528,1528,4,5,130,83,Friday,22,0.783
1529,1529,4,6,70,46,Friday,22,0.7626999999999999
1530,1530,5,8,80,55,Friday,22,0.7270000000000001
1531,1531,5,12,70,53,Friday,22,0.66
1532,1532,6,7,70,38,Friday,22,0.9235
1533,1533,7,9,120,70,Friday,22,0.857
1534,1534,8,9,80,62,Friday,22,0.6449999999999999
1535,1535,9,11,70,35,Friday,22,1.0
1536,1536,9,13,130,98,Friday,22,0.6619
1537,1537,10,11,140,83,Friday,22,0.842
1538,1538,10,13,50,25,Friday,22,1.0
1539,1539,11,12,110,86,Friday,22,0.6414
1540,1540,0,1,50,27,Friday,24,0.9259999999999999
1541,1541,0,2,90,50,Friday,24,0.9018
1542,1542,0,3,100,51,Friday,24,0.9722
1543,1543,1,2,80,57,Friday,24,0.7020000000000001
1544,1544,1,7,80,44,Friday,24,0.907
1545,1545,2,5,140,71,Friday,24,0.9788
1546,1546,3,4,130,77,Friday,24,0.8440000000000001
1547,1547,3,10,140,96,Friday,24,0.7290000000000001
1548,1548,4,5,120,71,Friday,24,0.8392999999999999
1549,1549,4,6,140,95,Friday,24,0.7394000000000001
1550,1550,5,8,70,48,Friday,24,0.7290000000000001
1551,1551,5,12,50,39,Friday,24,0.6409999999999999
1552,1552,6,7,140,72,Friday,24,0.9677999999999999
1553,1553,7,9,140,80,Friday,24,0.8817
1554,1554,8,9,80,48,Friday,24,0.833
1555,1555,9,11,80,43,Friday,24,0.9321999999999999
1556,1556,9,13,50,34,Friday,24,0.7350000000000001
1557,1557,10,11,100,70,Friday,24,0.7140000000000002
1558,1558,10,13,70,46,Friday,24,0.761
1559,1559,11,12,90,51,Friday,24,0.8855999999999998
1560,1560,0,1,140,37,Saturday,0,1.8418999999999996
1561,1561,0,2,130,51,Saturday,0,1.3115000000000003
1562,1562,0,3,80,15,Saturday,0,2.6670000000000003
1563,1563,1,2,110,37,Saturday,0,1.471
1564,1564,1,7,110,13,Saturday,0,4.236000000000001
1565,1565,2,5,60,21,Saturday,0,1.429
1566,1566,3,4,50,11,Saturday,0,2.273
1567,1567,3,10,110,14,Saturday,0,3.959199999999999
1568,1568,4,5,130,51,Saturday,0,1.3142
1569,1569,4,6,70,8,Saturday,0,4.375
1570,1570,5,8,140,34,Saturday,0,2.0542000000000002
1571,1571,5,12,90,25,Saturday,0,1.7931000000000001
1572,1572,6,7,50,19,Saturday,0,1.316
1573,1573,7,9,100,16,Saturday,0,3.1527000000000003
1574,1574,8,9,60,6,Saturday,0,4.9167000000000005
1575,1575,9,11,130,20,Saturday,0,3.219
1576,1576,9,13,70,7,Saturday,0,5.0
1577,1577,10,11,110,18,Saturday,0,3.0461000000000005
1578,1578,10,13,100,32,Saturday,0,1.5619999999999998
1579,1579,11,12,80,27,Saturday,0,1.4867
1580,1580,0,1,80,14,Saturday,2,2.8569999999999998
1581,1581,0,2,110,41,Saturday,2,1.3773
1582,1582,0,3,100,37,Saturday,2,1.3588
1583,1583,1,2,90,29,Saturday,2,1.5519999999999998
1584,1584,1,7,70,13,Saturday,2,2.6727999999999996
1585,1585,2,5,100,14,Saturday,2,3.571
1586,1586,3,4,110,25,Saturday,2,2.183
1587,1587,3,10,90,25,Saturday,2,1.7931000000000001
1588,1588,4,5,80,18,Saturday,2,2.2351
1589,1589,4,6,50,16,Saturday,2,1.5619999999999998
1590,1590,5,8,110,13,Saturday,2,4.236000000000001
1591,1591,5,12,80,26,Saturday,2,1.538
1592,1592,6,7,110,27,Saturday,2,2.0538
1593,1593,7,9,140,34,Saturday,2,2.0475000000000003
1594,1594,8,9,130,35,Saturday,2,1.8573999999999997
1595,1595,9,11,90,15,Saturday,2,3.0332999999999997
1596,1596,9,13,80,29,Saturday,2,1.3851
1597,1597,10,11,130,26,Saturday,2,2.5192
1598,1598,10,13,140,25,Saturday,2,2.8234000000000004
1599,1599,11,12,90,22,Saturday,2,2.0450000000000004
1600,1600,0,1,100,16,Saturday,4,3.1776
1601,1601,0,2,100,30,Saturday,4,1.6616
1602,1602,0,3,70,15,Saturday,4,2.3329999999999997
1603,1603,1,2,100,19,Saturday,4,2.6319999999999992
1604,1604,1,7,50,5,Saturday,4,4.9167000000000005
1605,1605,2,5,130,51,Saturday,4,1.3142
1606,1606,3,4,70,15,Saturday,4,2.3329999999999997
1607,1607,3,10,80,22,Saturday,4,1.8180000000000003
1608,1608,4,5,110,24,Saturday,4,2.2920000000000003
1609,1609,4,6,130,34,Saturday,4,1.9177999999999997
1610,1610,5,8,90,35,Saturday,4,1.3080999999999998
1611,1611,5,12,140,45,Saturday,4,1.5560000000000003
1612,1612,6,7,100,28,Saturday,4,1.7926000000000002
1613,1613,7,9,70,17,Saturday,4,2.0590000000000006
1614,1614,8,9,140,38,Saturday,4,1.8069
1615,1615,9,11,90,33,Saturday,4,1.3786
1616,1616,9,13,70,10,Saturday,4,3.5
1617,1617,10,11,100,33,Saturday,4,1.5150000000000001
1618,1618,10,13,130,37,Saturday,4,1.7526999999999997
1619,1619,11,12,70,22,Saturday,4,1.5909999999999997
1620,1620,0,1,130,49,Saturday,6,1.3511
1621,1621,0,2,70,23,Saturday,6,1.522
1622,1622,0,3,130,30,Saturday,6,2.1744
1623,1623,1,2,110,27,Saturday,6,2.0486999999999993
1624,1624,1,7,50,6,Saturday,6,4.167000000000001
1625,1625,2,5,50,8,Saturday,6,3.125
1626,1626,3,4,80,22,Saturday,6,1.8101000000000007
1627,1627,3,10,80,29,Saturday,6,1.3851
1628,1628,4,5,50,10,Saturday,6,2.5
1629,1629,4,6,130,50,Saturday,6,1.3183000000000002
1630,1630,5,8,110,36,Saturday,6,1.5281000000000002
1631,1631,5,12,130,28,Saturday,6,2.3308999999999997
1632,1632,6,7,140,32,Saturday,6,2.2025
1633,1633,7,9,80,25,Saturday,6,1.5999999999999999
1634,1634,8,9,110,16,Saturday,6,3.4177
1635,1635,9,11,110,13,Saturday,6,4.236000000000001
1636,1636,9,13,100,24,Saturday,6,2.0838
1637,1637,10,11,110,32,Saturday,6,1.7401
1638,1638,10,13,90,10,Saturday,6,4.55
1639,1639,11,12,120,16,Saturday,6,3.6526000000000005
1640,1640,0,1,60,18,Saturday,8,1.6669999999999998
1641,1641,0,2,70,20,Saturday,8,1.75
1642,1642,0,3,60,9,Saturday,8,3.3329999999999993
1643,1643,1,2,130,46,Saturday,8,1.4146
1644,1644,1,7,140,47,Saturday,8,1.4890000000000003
1645,1645,2,5,140,50,Saturday,8,1.4060000000000001
1646,1646,3,4,100,39,Saturday,8,1.3035
1647,1647,3,10,120,45,Saturday,8,1.3305000000000002
1648,1648,4,5,140,23,Saturday,8,3.0055
1649,1649,4,6,120,24,Saturday,8,2.5326999999999997
1650,1650,5,8,80,23,Saturday,8,1.7390000000000003
1651,1651,5,12,60,8,Saturday,8,3.75
1652,1652,6,7,70,25,Saturday,8,1.4000000000000001
1653,1653,7,9,60,21,Saturday,8,1.429
1654,1654,8,9,120,32,Saturday,8,1.875
1655,1655,9,11,90,15,Saturday,8,3.0332999999999997
1656,1656,9,13,120,30,Saturday,8,2.0
1657,1657,10,11,140,14,Saturday,8,5.0
1658,1658,10,13,130,14,Saturday,8,4.747300000000001
1659,1659,11,12,100,19,Saturday,8,2.6582999999999997
1660,1660,0,1,110,52,Saturday,10,1.0593
1661,1661,0,2,50,17,Saturday,10,1.4709999999999999
1662,1662,0,3,100,45,Saturday,10,1.116
1663,1663,1,2,120,63,Saturday,10,0.9520000000000002
1664,1664,1,7,50,21,Saturday,10,1.1959999999999997
1665,1665,2,5,130,76,Saturday,10,0.8662000000000001
1666,1666,3,4,110,62,Saturday,10,0.8855999999999999
1667,1667,3,10,90,52,Saturday,10,0.8652000000000001
1668,1668,4,5,90,36,Saturday,10,1.25
1669,1669,4,6,120,60,Saturday,10,0.9969000000000001
1670,1670,5,8,120,67,Saturday,10,0.8960000000000001
1671,1671,5,12,90,50,Saturday,10,0.8931000000000001
1672,1672,6,7,80,33,Saturday,10,1.212
1673,1673,7,9,140,60,Saturday,10,1.1613
1674,1674,8,9,50,22,Saturday,10,1.1359999999999997
1675,1675,9,11,60,26,Saturday,10,1.1543
1676,1676,9,13,120,63,Saturday,10,0.9552000000000002
1677,1677,10,11,120,41,Saturday,10,1.4826000000000004
1678,1678,10,13,110,62,Saturday,10,0.8885000000000002
1679,1679,11,12,80,32,Saturday,10,1.2462
1680,1680,0,1,90,44,Saturday,12,1.0183999999999997
1681,1681,0,2,50,29,Saturday,12,0.8619999999999999
1682,1682,0,3,110,56,Saturday,12,0.9911999999999999
1683,1683,1,2,50,16,Saturday,12,1.5619999999999998
1684,1684,1,7,100,32,Saturday,12,1.5681999999999998
1685,1685,2,5,140,60,Saturday,12,1.1632
1686,1686,3,4,60,22,Saturday,12,1.3640000000000003
1687,1687,3,10,100,33,Saturday,12,1.5302000000000002
1688,1688,4,5,110,38,Saturday,12,1.4345999999999997
1689,1689,4,6,50,27,Saturday,12,0.9227000000000001
1690,1690,5,8,110,46,Saturday,12,1.2011999999999998
1691,1691,5,12,140,42,Saturday,12,1.6509999999999998
1692,1692,6,7,80,42,Saturday,12,0.9522
1693,1693,7,9,140,46,Saturday,12,1.5253999999999999
1694,1694,8,9,90,44,Saturday,12,1.0183999999999997
1695,1695,9,11,140,62,Saturday,12,1.1238
1696,1696,9,13,80,24,Saturday,12,1.6669999999999998
1697,1697,10,11,60,18,Saturday,12,1.6669999999999998
1698,1698,10,13,110,64,Saturday,12,0.8618
1699,1699,11,12,120,71,Saturday,12,0.8459999999999999
1700,1700,0,1,90,43,Saturday,14,1.0470000000000002
1701,1701,0,2,80,32,Saturday,14,1.2462
1702,1702,0,3,140,83,Saturday,14,0.8474
1703,1703,1,2,120,63,Saturday,14,0.9520000000000002
1704,1704,1,7,120,41,Saturday,14,1.4711000000000003
1705,1705,2,5,90,50,Saturday,14,0.8982000000000001
1706,1706,3,4,100,40,Saturday,14,1.25
1707,1707,3,10,60,31,Saturday,14,0.968
1708,1708,4,5,50,24,Saturday,14,1.042
1709,1709,4,6,120,69,Saturday,14,0.8724000000000001
1710,1710,5,8,50,27,Saturday,14,0.9227000000000001
1711,1711,5,12,90,34,Saturday,14,1.3279999999999998
1712,1712,6,7,50,18,Saturday,14,1.3889999999999998
1713,1713,7,9,100,54,Saturday,14,0.9250999999999999
1714,1714,8,9,120,58,Saturday,14,1.0308000000000002
1715,1715,9,11,70,28,Saturday,14,1.2457
1716,1716,9,13,100,40,Saturday,14,1.25
1717,1717,10,11,130,42,Saturday,14,1.5676
1718,1718,10,13,100,54,Saturday,14,0.9244
1719,1719,11,12,100,37,Saturday,14,1.3509999999999998
1720,1720,0,1,80,40,Saturday,16,1.0078
1721,1721,0,2,130,77,Saturday,16,0.8530999999999999
1722,1722,0,3,80,27,Saturday,16,1.4758
1723,1723,1,2,60,32,Saturday,16,0.9350999999999999
1724,1724,1,7,60,34,Saturday,16,0.8846999999999999
1725,1725,2,5,90,31,Saturday,16,1.4616
1726,1726,3,4,110,65,Saturday,16,0.8472999999999999
1727,1727,3,10,90,52,Saturday,16,0.8684000000000001
1728,1728,4,5,60,20,Saturday,16,1.5
1729,1729,4,6,100,53,Saturday,16,0.9319
1730,1730,5,8,100,56,Saturday,16,0.8914
1731,1731,5,12,130,54,Saturday,16,1.1974000000000002
1732,1732,6,7,140,50,Saturday,16,1.4
1733,1733,7,9,120,37,Saturday,16,1.6309999999999998
1734,1734,8,9,130,62,Saturday,16,1.0416
1735,1735,9,11,50,25,Saturday,16,0.9924
1736,1736,9,13,80,44,Saturday,16,0.9187000000000001
1737,1737,10,11,90,51,Saturday,16,0.8819999999999999
1738,1738,10,13,80,33,Saturday,16,1.212
1739,1739,11,12,60,25,Saturday,16,1.1999999999999997
1740,1740,0,1,70,37,Saturday,18,0.9485999999999999
1741,1741,0,2,60,28,Saturday,18,1.071
1742,1742,0,3,50,17,Saturday,18,1.4709999999999999
1743,1743,1,2,90,51,Saturday,18,0.8819999999999999
1744,1744,1,7,80,35,Saturday,18,1.143
1745,1745,2,5,100,50,Saturday,18,1.0
1746,1746,3,4,50,17,Saturday,18,1.4709999999999999
1747,1747,3,10,70,24,Saturday,18,1.4580000000000002
1748,1748,4,5,90,50,Saturday,18,0.8982000000000001
1749,1749,4,6,90,46,Saturday,18,0.978
1750,1750,5,8,60,22,Saturday,18,1.3640000000000003
1751,1751,5,12,50,28,Saturday,18,0.8963000000000001
1752,1752,6,7,120,56,Saturday,18,1.0661999999999998
1753,1753,7,9,120,70,Saturday,18,0.8591000000000001
1754,1754,8,9,60,23,Saturday,18,1.31
1755,1755,9,11,110,62,Saturday,18,0.8871000000000002
1756,1756,9,13,110,58,Saturday,18,0.9448000000000002
1757,1757,10,11,80,39,Saturday,18,1.0131000000000001
1758,1758,10,13,70,28,Saturday,18,1.25
1759,1759,11,12,120,44,Saturday,18,1.3797000000000001
1760,1760,0,1,70,22,Saturday,20,1.5909999999999997
1761,1761,0,2,130,43,Saturday,20,1.5091999999999999
1762,1762,0,3,100,26,Saturday,20,1.8894000000000002
1763,1763,1,2,50,15,Saturday,20,1.6669999999999998
1764,1764,1,7,120,29,Saturday,20,2.0287999999999995
1765,1765,2,5,60,7,Saturday,20,4.3574
1766,1766,3,4,60,23,Saturday,20,1.3690000000000002
1767,1767,3,10,110,34,Saturday,20,1.5485
1768,1768,4,5,90,22,Saturday,20,2.0450000000000004
1769,1769,4,6,60,9,Saturday,20,3.3329999999999993
1770,1770,5,8,50,13,Saturday,20,1.9230000000000005
1771,1771,5,12,120,16,Saturday,20,3.6905
1772,1772,6,7,120,22,Saturday,20,2.74
1773,1773,7,9,50,9,Saturday,20,2.7779999999999996
1774,1774,8,9,90,28,Saturday,20,1.5701999999999996
1775,1775,9,11,100,10,Saturday,20,4.8635
1776,1776,9,13,100,14,Saturday,20,3.571
1777,1777,10,11,70,19,Saturday,20,1.8522000000000003
1778,1778,10,13,110,12,Saturday,20,4.666399999999999
1779,1779,11,12,60,10,Saturday,20,3.0
1780,1780,0,1,100,38,Saturday,22,1.3537
1781,1781,0,2,70,9,Saturday,22,3.8890000000000002
1782,1782,0,3,110,25,Saturday,22,2.2097
1783,1783,1,2,80,26,Saturday,22,1.5643
1784,1784,1,7,50,8,Saturday,22,3.125
1785,1785,2,5,140,24,Saturday,22,2.8879000000000006
1786,1786,3,4,90,24,Saturday,22,1.8996
1787,1787,3,10,50,14,Saturday,22,1.786
1788,1788,4,5,110,38,Saturday,22,1.4330999999999998
1789,1789,4,6,50,9,Saturday,22,2.7779999999999996
1790,1790,5,8,130,43,Saturday,22,1.4992999999999999
1791,1791,5,12,140,43,Saturday,22,1.6363999999999996
1792,1792,6,7,140,22,Saturday,22,3.1970999999999994
1793,1793,7,9,100,39,Saturday,22,1.3248000000000002
1794,1794,8,9,130,48,Saturday,22,1.3458999999999999
1795,1795,9,11,140,47,Saturday,22,1.4928000000000001
1796,1796,9,13,80,22,Saturday,22,1.8101000000000007
1797,1797,10,11,60,13,Saturday,22,2.3080000000000003
1798,1798,10,13,80,17,Saturday,22,2.3268000000000004
1799,1799,11,12,120,12,Saturday,22,4.9615
1800,1800,0,1,90,25,Saturday,24,1.8000000000000003
1801,1801,0,2,50,5,Saturday,24,5.0
1802,1802,0,3,110,24,Saturday,24,2.3036000000000003
1803,1803,1,2,80,30,Saturday,24,1.3833
1804,1804,1,7,60,21,Saturday,24,1.429
1805,1805,2,5,80,10,Saturday,24,4.0
1806,1806,3,4,70,7,Saturday,24,5.0
1807,1807,3,10,120,13,Saturday,24,4.582100000000001
1808,1808,4,5,120,35,Saturday,24,1.7544
1809,1809,4,6,80,28,Saturday,24,1.4250000000000003
1810,1810,5,8,90,14,Saturday,24,3.2139999999999995
1811,1811,5,12,80,19,Saturday,24,2.105
1812,1812,6,7,50,14,Saturday,24,1.786
1813,1813,7,9,110,29,Saturday,24,1.8627999999999996
1814,1814,8,9,70,8,Saturday,24,4.375
1815,1815,9,11,100,10,Saturday,24,4.8635
1816,1816,9,13,100,29,Saturday,24,1.6979
1817,1817,10,11,60,16,Saturday,24,1.875
1818,1818,10,13,110,43,Saturday,24,1.3007000000000004
1819,1819,11,12,100,13,Saturday,24,3.8781000000000008
