,ID,EP1,EP2,Bandwidth,PacketsFlowing(1Kb),DayOfTheWeek,TimeHour,LinkWeight
0,0,0,1,80,22,Sunday,0,1.818
1,1,0,2,80,19,Sunday,0,2.105
2,2,0,3,70,7,Sunday,0,5.000
3,3,1,2,60,8,Sunday,0,3.750
4,4,1,7,110,12,Sunday,0,4.583
5,5,2,5,90,13,Sunday,0,3.462
6,6,3,4,50,19,Sunday,0,1.316
7,7,3,10,140,47,Sunday,0,1.489
8,8,4,5,50,11,Sunday,0,2.273
9,9,4,6,50,16,Sunday,0,1.562
10,10,5,8,60,10,Sunday,0,3.000
11,11,5,12,50,19,Sunday,0,1.316
12,12,6,7,140,33,Sunday,0,2.121
13,13,7,9,60,14,Sunday,0,2.143
14,14,8,9,100,22,Sunday,0,2.273
15,15,9,11,90,11,Sunday,0,4.091
16,16,9,13,70,12,Sunday,0,2.917
17,17,10,11,90,13,Sunday,0,3.462
18,18,10,13,70,9,Sunday,0,3.889
19,19,11,12,130,15,Sunday,0,4.333
20,20,0,1,90,15,Sunday,2,3.000
21,21,0,2,80,28,Sunday,2,1.429
22,22,0,3,110,32,Sunday,2,1.719
23,23,1,2,90,22,Sunday,2,2.045
24,24,1,7,120,40,Sunday,2,1.500
25,25,2,5,140,25,Sunday,2,2.800
26,26,3,4,120,25,Sunday,2,2.400
27,27,3,10,120,12,Sunday,2,5.000
28,28,4,5,130,45,Sunday,2,1.444
29,29,4,6,80,27,Sunday,2,1.481
30,30,5,8,80,16,Sunday,2,2.500
31,31,5,12,130,32,Sunday,2,2.031
32,32,6,7,120,17,Sunday,2,3.529
33,33,7,9,60,10,Sunday,2,3.000
34,34,8,9,80,14,Sunday,2,2.857
35,35,9,11,50,9,Sunday,2,2.778
36,36,9,13,140,40,Sunday,2,1.750
37,37,10,11,90,27,Sunday,2,1.667
38,38,10,13,100,37,Sunday,2,1.351
39,39,11,12,60,12,Sunday,2,2.500
40,40,0,1,90,29,Sunday,4,1.552
41,41,0,2,140,51,Sunday,4,1.373
42,42,0,3,130,19,Sunday,4,3.421
43,43,1,2,140,32,Sunday,4,2.188
44,44,1,7,80,27,Sunday,4,1.481
45,45,2,5,110,12,Sunday,4,4.583
46,46,3,4,60,22,Sunday,4,1.364
47,47,3,10,120,36,Sunday,4,1.667
48,48,4,5,110,21,Sunday,4,2.619
49,49,4,6,120,38,Sunday,4,1.579
50,50,5,8,100,24,Sunday,4,2.083
51,51,5,12,60,17,Sunday,4,1.765
52,52,6,7,100,31,Sunday,4,1.613
53,53,7,9,140,34,Sunday,4,2.059
54,54,8,9,100,15,Sunday,4,3.333
55,55,9,11,120,17,Sunday,4,3.529
56,56,9,13,140,33,Sunday,4,2.121
57,57,10,11,100,22,Sunday,4,2.273
58,58,10,13,50,8,Sunday,4,3.125
59,59,11,12,110,32,Sunday,4,1.719
60,60,0,1,70,14,Sunday,6,2.500
61,61,0,2,130,34,Sunday,6,1.912
62,62,0,3,140,26,Sunday,6,2.692
63,63,1,2,110,40,Sunday,6,1.375
64,64,1,7,120,22,Sunday,6,2.727
65,65,2,5,90,18,Sunday,6,2.500
66,66,3,4,90,32,Sunday,6,1.406
67,67,3,10,90,34,Sunday,6,1.324
68,68,4,5,60,20,Sunday,6,1.500
69,69,4,6,80,19,Sunday,6,2.105
70,70,5,8,70,16,Sunday,6,2.188
71,71,5,12,70,25,Sunday,6,1.400
72,72,6,7,110,18,Sunday,6,3.056
73,73,7,9,80,20,Sunday,6,2.000
74,74,8,9,140,14,Sunday,6,5.000
75,75,9,11,80,28,Sunday,6,1.429
76,76,9,13,50,10,Sunday,6,2.500
77,77,10,11,50,15,Sunday,6,1.667
78,78,10,13,50,11,Sunday,6,2.273
79,79,11,12,70,25,Sunday,6,1.400
80,80,0,1,100,22,Sunday,8,2.273
81,81,0,2,70,27,Sunday,8,1.296
82,82,0,3,120,30,Sunday,8,2.000
83,83,1,2,90,21,Sunday,8,2.143
84,84,1,7,50,7,Sunday,8,3.571
85,85,2,5,50,18,Sunday,8,1.389
86,86,3,4,50,16,Sunday,8,1.562
87,87,3,10,100,38,Sunday,8,1.316
88,88,4,5,120,40,Sunday,8,1.500
89,89,4,6,100,10,Sunday,8,5.000
90,90,5,8,60,6,Sunday,8,5.000
91,91,5,12,140,28,Sunday,8,2.500
92,92,6,7,120,36,Sunday,8,1.667
93,93,7,9,120,26,Sunday,8,2.308
94,94,8,9,110,43,Sunday,8,1.279
95,95,9,11,70,21,Sunday,8,1.667
96,96,9,13,140,32,Sunday,8,2.188
97,97,10,11,140,16,Sunday,8,4.375
98,98,10,13,120,22,Sunday,8,2.727
99,99,11,12,100,21,Sunday,8,2.381
100,100,0,1,100,34,Sunday,10,1.471
101,101,0,2,80,25,Sunday,10,1.600
102,102,0,3,50,18,Sunday,10,1.389
103,103,1,2,130,64,Sunday,10,1.016
104,104,1,7,100,53,Sunday,10,0.943
105,105,2,5,70,24,Sunday,10,1.458
106,106,3,4,50,19,Sunday,10,1.316
107,107,3,10,90,47,Sunday,10,0.957
108,108,4,5,140,56,Sunday,10,1.250
109,109,4,6,130,44,Sunday,10,1.477
110,110,5,8,100,59,Sunday,10,0.847
111,111,5,12,140,48,Sunday,10,1.458
112,112,6,7,60,27,Sunday,10,1.111
113,113,7,9,100,50,Sunday,10,1.000
114,114,8,9,110,40,Sunday,10,1.375
115,115,9,11,140,81,Sunday,10,0.864
116,116,9,13,110,40,Sunday,10,1.375
117,117,10,11,110,43,Sunday,10,1.279
118,118,10,13,120,66,Sunday,10,0.909
119,119,11,12,70,26,Sunday,10,1.346
120,120,0,1,100,43,Sunday,12,1.163
121,121,0,2,50,19,Sunday,12,1.316
122,122,0,3,90,35,Sunday,12,1.286
123,123,1,2,50,24,Sunday,12,1.042
124,124,1,7,80,44,Sunday,12,0.909
125,125,2,5,50,19,Sunday,12,1.316
126,126,3,4,90,38,Sunday,12,1.184
127,127,3,10,90,30,Sunday,12,1.500
128,128,4,5,140,67,Sunday,12,1.045
129,129,4,6,50,22,Sunday,12,1.136
130,130,5,8,70,39,Sunday,12,0.897
131,131,5,12,140,52,Sunday,12,1.346
132,132,6,7,100,36,Sunday,12,1.389
133,133,7,9,140,57,Sunday,12,1.228
134,134,8,9,50,26,Sunday,12,0.962
135,135,9,11,100,35,Sunday,12,1.429
136,136,9,13,60,21,Sunday,12,1.429
137,137,10,11,80,47,Sunday,12,0.851
138,138,10,13,110,60,Sunday,12,0.917
139,139,11,12,130,49,Sunday,12,1.327
140,140,0,1,80,37,Sunday,14,1.081
141,141,0,2,60,27,Sunday,14,1.111
142,142,0,3,110,64,Sunday,14,0.859
143,143,1,2,120,50,Sunday,14,1.200
144,144,1,7,80,46,Sunday,14,0.870
145,145,2,5,80,30,Sunday,14,1.333
146,146,3,4,120,60,Sunday,14,1.000
147,147,3,10,90,36,Sunday,14,1.250
148,148,4,5,60,34,Sunday,14,0.882
149,149,4,6,80,44,Sunday,14,0.909
150,150,5,8,70,37,Sunday,14,0.946
151,151,5,12,130,41,Sunday,14,1.585
152,152,6,7,100,49,Sunday,14,1.020
153,153,7,9,50,16,Sunday,14,1.562
154,154,8,9,100,59,Sunday,14,0.847
155,155,9,11,110,43,Sunday,14,1.279
156,156,9,13,90,38,Sunday,14,1.184
157,157,10,11,110,47,Sunday,14,1.170
158,158,10,13,80,40,Sunday,14,1.000
159,159,11,12,130,76,Sunday,14,0.855
160,160,0,1,90,51,Sunday,16,0.882
161,161,0,2,140,67,Sunday,16,1.045
162,162,0,3,130,59,Sunday,16,1.102
163,163,1,2,110,42,Sunday,16,1.310
164,164,1,7,60,24,Sunday,16,1.250
165,165,2,5,80,37,Sunday,16,1.081
166,166,3,4,80,36,Sunday,16,1.111
167,167,3,10,80,34,Sunday,16,1.176
168,168,4,5,100,36,Sunday,16,1.389
169,169,4,6,90,47,Sunday,16,0.957
170,170,5,8,80,29,Sunday,16,1.379
171,171,5,12,50,26,Sunday,16,0.962
172,172,6,7,50,26,Sunday,16,0.962
173,173,7,9,90,46,Sunday,16,0.978
174,174,8,9,110,51,Sunday,16,1.078
175,175,9,11,80,44,Sunday,16,0.909
176,176,9,13,130,49,Sunday,16,1.327
177,177,10,11,70,34,Sunday,16,1.029
178,178,10,13,60,35,Sunday,16,0.857
179,179,11,12,60,27,Sunday,16,1.111
180,180,0,1,130,42,Sunday,18,1.548
181,181,0,2,140,76,Sunday,18,0.921
182,182,0,3,120,64,Sunday,18,0.938
183,183,1,2,140,79,Sunday,18,0.886
184,184,1,7,120,71,Sunday,18,0.845
185,185,2,5,120,58,Sunday,18,1.034
186,186,3,4,60,31,Sunday,18,0.968
187,187,3,10,80,33,Sunday,18,1.212
188,188,4,5,80,45,Sunday,18,0.889
189,189,4,6,140,61,Sunday,18,1.148
190,190,5,8,60,18,Sunday,18,1.667
191,191,5,12,80,29,Sunday,18,1.379
192,192,6,7,100,53,Sunday,18,0.943
193,193,7,9,50,25,Sunday,18,1.000
194,194,8,9,80,35,Sunday,18,1.143
195,195,9,11,120,38,Sunday,18,1.579
196,196,9,13,70,34,Sunday,18,1.029
197,197,10,11,130,45,Sunday,18,1.444
198,198,10,13,100,36,Sunday,18,1.389
199,199,11,12,140,45,Sunday,18,1.556
200,200,0,1,140,27,Sunday,20,2.593
201,201,0,2,80,11,Sunday,20,3.636
202,202,0,3,120,26,Sunday,20,2.308
203,203,1,2,120,34,Sunday,20,1.765
204,204,1,7,90,30,Sunday,20,1.500
205,205,2,5,90,20,Sunday,20,2.250
206,206,3,4,80,19,Sunday,20,2.105
207,207,3,10,80,18,Sunday,20,2.222
208,208,4,5,50,11,Sunday,20,2.273
209,209,4,6,110,36,Sunday,20,1.528
210,210,5,8,130,32,Sunday,20,2.031
211,211,5,12,80,28,Sunday,20,1.429
212,212,6,7,70,22,Sunday,20,1.591
213,213,7,9,80,30,Sunday,20,1.333
214,214,8,9,120,35,Sunday,20,1.714
215,215,9,11,60,14,Sunday,20,2.143
216,216,9,13,70,23,Sunday,20,1.522
217,217,10,11,130,33,Sunday,20,1.970
218,218,10,13,80,11,Sunday,20,3.636
219,219,11,12,80,19,Sunday,20,2.105
220,220,0,1,140,39,Sunday,22,1.795
221,221,0,2,70,27,Sunday,22,1.296
222,222,0,3,120,45,Sunday,22,1.333
223,223,1,2,80,28,Sunday,22,1.429
224,224,1,7,140,55,Sunday,22,1.273
225,225,2,5,120,33,Sunday,22,1.818
226,226,3,4,100,18,Sunday,22,2.778
227,227,3,10,130,49,Sunday,22,1.327
228,228,4,5,70,12,Sunday,22,2.917
229,229,4,6,100,27,Sunday,22,1.852
230,230,5,8,80,9,Sunday,22,4.444
231,231,5,12,100,14,Sunday,22,3.571
232,232,6,7,120,26,Sunday,22,2.308
233,233,7,9,50,12,Sunday,22,2.083
234,234,8,9,100,28,Sunday,22,1.786
235,235,9,11,50,11,Sunday,22,2.273
236,236,9,13,50,17,Sunday,22,1.471
237,237,10,11,60,21,Sunday,22,1.429
238,238,10,13,130,45,Sunday,22,1.444
239,239,11,12,110,19,Sunday,22,2.895
240,240,0,1,70,12,Sunday,24,2.917
241,241,0,2,130,28,Sunday,24,2.321
242,242,0,3,70,17,Sunday,24,2.059
243,243,1,2,60,19,Sunday,24,1.579
244,244,1,7,90,21,Sunday,24,2.143
245,245,2,5,100,34,Sunday,24,1.471
246,246,3,4,140,28,Sunday,24,2.500
247,247,3,10,100,26,Sunday,24,1.923
248,248,4,5,50,16,Sunday,24,1.562
249,249,4,6,90,18,Sunday,24,2.500
250,250,5,8,110,11,Sunday,24,5.000
251,251,5,12,130,49,Sunday,24,1.327
252,252,6,7,70,17,Sunday,24,2.059
253,253,7,9,60,16,Sunday,24,1.875
254,254,8,9,130,48,Sunday,24,1.354
255,255,9,11,140,16,Sunday,24,4.375
256,256,9,13,100,36,Sunday,24,1.389
257,257,10,11,130,47,Sunday,24,1.383
258,258,10,13,110,17,Sunday,24,3.235
259,259,11,12,140,37,Sunday,24,1.892
260,260,0,1,80,45,Monday,0,0.889
261,261,0,2,50,28,Monday,0,0.893
262,262,0,3,100,69,Monday,0,0.725
263,263,1,2,140,107,Monday,0,0.654
264,264,1,7,130,96,Monday,0,0.677
265,265,2,5,140,110,Monday,0,0.636
266,266,3,4,50,36,Monday,0,0.694
267,267,3,10,140,86,Monday,0,0.814
268,268,4,5,110,74,Monday,0,0.743
269,269,4,6,90,63,Monday,0,0.714
270,270,5,8,90,59,Monday,0,0.763
271,271,5,12,120,70,Monday,0,0.857
272,272,6,7,140,97,Monday,0,0.722
273,273,7,9,120,62,Monday,0,0.968
274,274,8,9,90,50,Monday,0,0.900
275,275,9,11,90,69,Monday,0,0.652
276,276,9,13,130,67,Monday,0,0.970
277,277,10,11,140,80,Monday,0,0.875
278,278,10,13,100,52,Monday,0,0.962
279,279,11,12,120,67,Monday,0,0.896
280,280,0,1,140,76,Monday,2,0.921
281,281,0,2,120,68,Monday,2,0.882
282,282,0,3,90,62,Monday,2,0.726
283,283,1,2,140,96,Monday,2,0.729
284,284,1,7,120,85,Monday,2,0.706
285,285,2,5,110,57,Monday,2,0.965
286,286,3,4,140,109,Monday,2,0.642
287,287,3,10,50,31,Monday,2,0.806
288,288,4,5,80,44,Monday,2,0.909
289,289,4,6,60,37,Monday,2,0.811
290,290,5,8,120,79,Monday,2,0.759
291,291,5,12,140,107,Monday,2,0.654
292,292,6,7,120,66,Monday,2,0.909
293,293,7,9,100,51,Monday,2,0.980
294,294,8,9,50,38,Monday,2,0.658
295,295,9,11,90,57,Monday,2,0.789
296,296,9,13,110,69,Monday,2,0.797
297,297,10,11,60,44,Monday,2,0.682
298,298,10,13,60,30,Monday,2,1.000
299,299,11,12,130,92,Monday,2,0.707
300,300,0,1,70,55,Monday,4,0.636
301,301,0,2,100,52,Monday,4,0.962
302,302,0,3,90,70,Monday,4,0.643
303,303,1,2,100,76,Monday,4,0.658
304,304,1,7,130,97,Monday,4,0.670
305,305,2,5,60,30,Monday,4,1.000
306,306,3,4,120,91,Monday,4,0.659
307,307,3,10,50,35,Monday,4,0.714
308,308,4,5,90,46,Monday,4,0.978
309,309,4,6,60,36,Monday,4,0.833
310,310,5,8,130,77,Monday,4,0.844
311,311,5,12,140,97,Monday,4,0.722
312,312,6,7,130,91,Monday,4,0.714
313,313,7,9,70,37,Monday,4,0.946
314,314,8,9,80,41,Monday,4,0.976
315,315,9,11,50,30,Monday,4,0.833
316,316,9,13,140,82,Monday,4,0.854
317,317,10,11,100,67,Monday,4,0.746
318,318,10,13,50,32,Monday,4,0.781
319,319,11,12,130,69,Monday,4,0.942
320,320,0,1,130,94,Monday,6,0.691
321,321,0,2,50,35,Monday,6,0.714
322,322,0,3,100,71,Monday,6,0.704
323,323,1,2,140,102,Monday,6,0.686
324,324,1,7,90,63,Monday,6,0.714
325,325,2,5,100,79,Monday,6,0.633
326,326,3,4,80,63,Monday,6,0.635
327,327,3,10,70,36,Monday,6,0.972
328,328,4,5,90,51,Monday,6,0.882
329,329,4,6,130,75,Monday,6,0.867
330,330,5,8,70,49,Monday,6,0.714
331,331,5,12,110,58,Monday,6,0.948
332,332,6,7,50,39,Monday,6,0.641
333,333,7,9,80,44,Monday,6,0.909
334,334,8,9,130,87,Monday,6,0.747
335,335,9,11,140,99,Monday,6,0.707
336,336,9,13,110,63,Monday,6,0.873
337,337,10,11,80,49,Monday,6,0.816
338,338,10,13,80,63,Monday,6,0.635
339,339,11,12,100,68,Monday,6,0.735
340,340,0,1,120,72,Monday,8,0.833
341,341,0,2,130,102,Monday,8,0.637
342,342,0,3,140,84,Monday,8,0.833
343,343,1,2,100,68,Monday,8,0.735
344,344,1,7,90,60,Monday,8,0.750
345,345,2,5,50,28,Monday,8,0.893
346,346,3,4,140,84,Monday,8,0.833
347,347,3,10,70,49,Monday,8,0.714
348,348,4,5,140,79,Monday,8,0.886
349,349,4,6,110,68,Monday,8,0.809
350,350,5,8,140,94,Monday,8,0.745
351,351,5,12,80,63,Monday,8,0.635
352,352,6,7,50,28,Monday,8,0.893
353,353,7,9,50,39,Monday,8,0.641
354,354,8,9,100,50,Monday,8,1.000
355,355,9,11,130,71,Monday,8,0.915
356,356,9,13,90,45,Monday,8,1.000
357,357,10,11,80,53,Monday,8,0.755
358,358,10,13,50,34,Monday,8,0.735
359,359,11,12,90,46,Monday,8,0.978
360,360,0,1,60,58,Monday,10,0.517
361,361,0,2,130,109,Monday,10,0.596
362,362,0,3,110,87,Monday,10,0.632
363,363,1,2,130,102,Monday,10,0.637
364,364,1,7,50,43,Monday,10,0.581
365,365,2,5,60,51,Monday,10,0.588
366,366,3,4,110,99,Monday,10,0.556
367,367,3,10,120,111,Monday,10,0.541
368,368,4,5,70,58,Monday,10,0.603
369,369,4,6,50,39,Monday,10,0.641
370,370,5,8,80,60,Monday,10,0.667
371,371,5,12,100,96,Monday,10,0.521
372,372,6,7,90,71,Monday,10,0.634
373,373,7,9,60,57,Monday,10,0.526
374,374,8,9,60,42,Monday,10,0.714
375,375,9,11,110,100,Monday,10,0.550
376,376,9,13,120,117,Monday,10,0.513
377,377,10,11,80,67,Monday,10,0.597
378,378,10,13,60,57,Monday,10,0.526
379,379,11,12,90,69,Monday,10,0.652
380,380,0,1,140,139,Monday,12,0.504
381,381,0,2,100,98,Monday,12,0.510
382,382,0,3,60,44,Monday,12,0.682
383,383,1,2,120,115,Monday,12,0.522
384,384,1,7,110,89,Monday,12,0.618
385,385,2,5,100,87,Monday,12,0.575
386,386,3,4,100,79,Monday,12,0.633
387,387,3,10,120,114,Monday,12,0.526
388,388,4,5,120,106,Monday,12,0.566
389,389,4,6,50,44,Monday,12,0.568
390,390,5,8,70,49,Monday,12,0.714
391,391,5,12,80,60,Monday,12,0.667
392,392,6,7,80,56,Monday,12,0.714
393,393,7,9,80,61,Monday,12,0.656
394,394,8,9,100,82,Monday,12,0.610
395,395,9,11,120,92,Monday,12,0.652
396,396,9,13,130,101,Monday,12,0.644
397,397,10,11,80,68,Monday,12,0.588
398,398,10,13,110,99,Monday,12,0.556
399,399,11,12,50,49,Monday,12,0.510
400,400,0,1,60,53,Monday,14,0.566
401,401,0,2,70,50,Monday,14,0.700
402,402,0,3,50,35,Monday,14,0.714
403,403,1,2,100,97,Monday,14,0.515
404,404,1,7,100,82,Monday,14,0.610
405,405,2,5,120,84,Monday,14,0.714
406,406,3,4,100,82,Monday,14,0.610
407,407,3,10,110,90,Monday,14,0.611
408,408,4,5,110,104,Monday,14,0.529
409,409,4,6,70,62,Monday,14,0.565
410,410,5,8,130,115,Monday,14,0.565
411,411,5,12,90,80,Monday,14,0.562
412,412,6,7,130,95,Monday,14,0.684
413,413,7,9,60,46,Monday,14,0.652
414,414,8,9,80,71,Monday,14,0.563
415,415,9,11,140,119,Monday,14,0.588
416,416,9,13,80,59,Monday,14,0.678
417,417,10,11,110,105,Monday,14,0.524
418,418,10,13,70,53,Monday,14,0.660
419,419,11,12,110,107,Monday,14,0.514
420,420,0,1,90,85,Monday,16,0.529
421,421,0,2,50,47,Monday,16,0.532
422,422,0,3,90,88,Monday,16,0.511
423,423,1,2,110,96,Monday,16,0.573
424,424,1,7,130,126,Monday,16,0.516
425,425,2,5,80,76,Monday,16,0.526
426,426,3,4,140,139,Monday,16,0.504
427,427,3,10,110,82,Monday,16,0.671
428,428,4,5,60,47,Monday,16,0.638
429,429,4,6,130,127,Monday,16,0.512
430,430,5,8,120,104,Monday,16,0.577
431,431,5,12,90,72,Monday,16,0.625
432,432,6,7,130,127,Monday,16,0.512
433,433,7,9,60,44,Monday,16,0.682
434,434,8,9,90,68,Monday,16,0.662
435,435,9,11,110,91,Monday,16,0.604
436,436,9,13,60,51,Monday,16,0.588
437,437,10,11,110,92,Monday,16,0.598
438,438,10,13,60,49,Monday,16,0.612
439,439,11,12,60,55,Monday,16,0.545
440,440,0,1,120,84,Monday,18,0.714
441,441,0,2,50,49,Monday,18,0.510
442,442,0,3,60,59,Monday,18,0.508
443,443,1,2,110,86,Monday,18,0.640
444,444,1,7,100,70,Monday,18,0.714
445,445,2,5,80,67,Monday,18,0.597
446,446,3,4,50,49,Monday,18,0.510
447,447,3,10,80,56,Monday,18,0.714
448,448,4,5,60,54,Monday,18,0.556
449,449,4,6,50,44,Monday,18,0.568
450,450,5,8,90,88,Monday,18,0.511
451,451,5,12,140,113,Monday,18,0.619
452,452,6,7,120,99,Monday,18,0.606
453,453,7,9,140,133,Monday,18,0.526
454,454,8,9,90,69,Monday,18,0.652
455,455,9,11,100,81,Monday,18,0.617
456,456,9,13,130,126,Monday,18,0.516
457,457,10,11,60,44,Monday,18,0.682
458,458,10,13,90,68,Monday,18,0.662
459,459,11,12,110,108,Monday,18,0.509
460,460,0,1,50,33,Monday,20,0.758
461,461,0,2,50,34,Monday,20,0.735
462,462,0,3,100,77,Monday,20,0.649
463,463,1,2,120,94,Monday,20,0.638
464,464,1,7,50,29,Monday,20,0.862
465,465,2,5,50,30,Monday,20,0.833
466,466,3,4,140,75,Monday,20,0.933
467,467,3,10,120,90,Monday,20,0.667
468,468,4,5,70,46,Monday,20,0.761
469,469,4,6,130,88,Monday,20,0.739
470,470,5,8,50,30,Monday,20,0.833
471,471,5,12,80,60,Monday,20,0.667
472,472,6,7,110,87,Monday,20,0.632
473,473,7,9,130,98,Monday,20,0.663
474,474,8,9,130,88,Monday,20,0.739
475,475,9,11,130,79,Monday,20,0.823
476,476,9,13,70,38,Monday,20,0.921
477,477,10,11,130,80,Monday,20,0.812
478,478,10,13,140,80,Monday,20,0.875
479,479,11,12,70,37,Monday,20,0.946
480,480,0,1,130,92,Monday,22,0.707
481,481,0,2,90,70,Monday,22,0.643
482,482,0,3,50,27,Monday,22,0.926
483,483,1,2,130,103,Monday,22,0.631
484,484,1,7,80,49,Monday,22,0.816
485,485,2,5,60,47,Monday,22,0.638
486,486,3,4,110,66,Monday,22,0.833
487,487,3,10,90,71,Monday,22,0.634
488,488,4,5,120,90,Monday,22,0.667
489,489,4,6,120,67,Monday,22,0.896
490,490,5,8,50,26,Monday,22,0.962
491,491,5,12,50,32,Monday,22,0.781
492,492,6,7,130,100,Monday,22,0.650
493,493,7,9,110,82,Monday,22,0.671
494,494,8,9,120,94,Monday,22,0.638
495,495,9,11,70,42,Monday,22,0.833
496,496,9,13,70,49,Monday,22,0.714
497,497,10,11,50,26,Monday,22,0.962
498,498,10,13,80,57,Monday,22,0.702
499,499,11,12,60,30,Monday,22,1.000
500,500,0,1,110,83,Monday,24,0.663
501,501,0,2,60,36,Monday,24,0.833
502,502,0,3,140,94,Monday,24,0.745
503,503,1,2,140,82,Monday,24,0.854
504,504,1,7,50,37,Monday,24,0.676
505,505,2,5,120,92,Monday,24,0.652
506,506,3,4,130,67,Monday,24,0.970
507,507,3,10,60,30,Monday,24,1.000
508,508,4,5,80,47,Monday,24,0.851
509,509,4,6,100,70,Monday,24,0.714
510,510,5,8,50,30,Monday,24,0.833
511,511,5,12,70,46,Monday,24,0.761
512,512,6,7,90,66,Monday,24,0.682
513,513,7,9,130,84,Monday,24,0.774
514,514,8,9,130,93,Monday,24,0.699
515,515,9,11,120,62,Monday,24,0.968
516,516,9,13,50,35,Monday,24,0.714
517,517,10,11,110,74,Monday,24,0.743
518,518,10,13,140,85,Monday,24,0.824
519,519,11,12,130,77,Monday,24,0.844
520,520,0,1,140,100,Tuesday,0,0.700
521,521,0,2,70,44,Tuesday,0,0.795
522,522,0,3,130,84,Tuesday,0,0.774
523,523,1,2,130,83,Tuesday,0,0.783
524,524,1,7,60,37,Tuesday,0,0.811
525,525,2,5,100,58,Tuesday,0,0.862
526,526,3,4,140,101,Tuesday,0,0.693
527,527,3,10,50,32,Tuesday,0,0.781
528,528,4,5,50,34,Tuesday,0,0.735
529,529,4,6,60,30,Tuesday,0,1.000
530,530,5,8,100,74,Tuesday,0,0.676
531,531,5,12,80,44,Tuesday,0,0.909
532,532,6,7,120,73,Tuesday,0,0.822
533,533,7,9,100,58,Tuesday,0,0.862
534,534,8,9,100,64,Tuesday,0,0.781
535,535,9,11,100,61,Tuesday,0,0.820
536,536,9,13,140,100,Tuesday,0,0.700
537,537,10,11,60,32,Tuesday,0,0.938
538,538,10,13,110,86,Tuesday,0,0.640
539,539,11,12,110,80,Tuesday,0,0.688
540,540,0,1,60,44,Tuesday,2,0.682
541,541,0,2,80,57,Tuesday,2,0.702
542,542,0,3,90,59,Tuesday,2,0.763
543,543,1,2,140,103,Tuesday,2,0.680
544,544,1,7,60,40,Tuesday,2,0.750
545,545,2,5,120,94,Tuesday,2,0.638
546,546,3,4,90,71,Tuesday,2,0.634
547,547,3,10,80,61,Tuesday,2,0.656
548,548,4,5,110,62,Tuesday,2,0.887
549,549,4,6,70,48,Tuesday,2,0.729
550,550,5,8,50,39,Tuesday,2,0.641
551,551,5,12,90,66,Tuesday,2,0.682
552,552,6,7,130,89,Tuesday,2,0.730
553,553,7,9,60,38,Tuesday,2,0.789
554,554,8,9,60,44,Tuesday,2,0.682
555,555,9,11,140,85,Tuesday,2,0.824
556,556,9,13,120,63,Tuesday,2,0.952
557,557,10,11,130,79,Tuesday,2,0.823
558,558,10,13,100,58,Tuesday,2,0.862
559,559,11,12,80,42,Tuesday,2,0.952
560,560,0,1,50,27,Tuesday,4,0.926
561,561,0,2,50,33,Tuesday,4,0.758
562,562,0,3,90,71,Tuesday,4,0.634
563,563,1,2,60,34,Tuesday,4,0.882
564,564,1,7,100,69,Tuesday,4,0.725
565,565,2,5,70,35,Tuesday,4,1.000
566,566,3,4,70,55,Tuesday,4,0.636
567,567,3,10,130,84,Tuesday,4,0.774
568,568,4,5,60,46,Tuesday,4,0.652
569,569,4,6,50,33,Tuesday,4,0.758
570,570,5,8,130,70,Tuesday,4,0.929
571,571,5,12,60,43,Tuesday,4,0.698
572,572,6,7,80,49,Tuesday,4,0.816
573,573,7,9,100,66,Tuesday,4,0.758
574,574,8,9,70,42,Tuesday,4,0.833
575,575,9,11,110,78,Tuesday,4,0.705
576,576,9,13,60,33,Tuesday,4,0.909
577,577,10,11,110,61,Tuesday,4,0.902
578,578,10,13,70,52,Tuesday,4,0.673
579,579,11,12,120,63,Tuesday,4,0.952
580,580,0,1,60,34,Tuesday,6,0.882
581,581,0,2,90,62,Tuesday,6,0.726
582,582,0,3,60,43,Tuesday,6,0.698
583,583,1,2,120,64,Tuesday,6,0.938
584,584,1,7,80,53,Tuesday,6,0.755
585,585,2,5,130,88,Tuesday,6,0.739
586,586,3,4,90,49,Tuesday,6,0.918
587,587,3,10,130,82,Tuesday,6,0.793
588,588,4,5,50,32,Tuesday,6,0.781
589,589,4,6,100,52,Tuesday,6,0.962
590,590,5,8,90,56,Tuesday,6,0.804
591,591,5,12,80,55,Tuesday,6,0.727
592,592,6,7,50,25,Tuesday,6,1.000
593,593,7,9,110,80,Tuesday,6,0.688
594,594,8,9,80,57,Tuesday,6,0.702
595,595,9,11,50,38,Tuesday,6,0.658
596,596,9,13,140,74,Tuesday,6,0.946
597,597,10,11,140,100,Tuesday,6,0.700
598,598,10,13,80,63,Tuesday,6,0.635
599,599,11,12,90,71,Tuesday,6,0.634
600,600,0,1,70,44,Tuesday,8,0.795
601,601,0,2,80,40,Tuesday,8,1.000
602,602,0,3,70,51,Tuesday,8,0.686
603,603,1,2,120,63,Tuesday,8,0.952
604,604,1,7,100,58,Tuesday,8,0.862
605,605,2,5,90,70,Tuesday,8,0.643
606,606,3,4,70,35,Tuesday,8,1.000
607,607,3,10,50,26,Tuesday,8,0.962
608,608,4,5,110,73,Tuesday,8,0.753
609,609,4,6,110,79,Tuesday,8,0.696
610,610,5,8,50,37,Tuesday,8,0.676
611,611,5,12,100,72,Tuesday,8,0.694
612,612,6,7,100,78,Tuesday,8,0.641
613,613,7,9,140,106,Tuesday,8,0.660
614,614,8,9,130,95,Tuesday,8,0.684
615,615,9,11,80,41,Tuesday,8,0.976
616,616,9,13,130,65,Tuesday,8,1.000
617,617,10,11,100,64,Tuesday,8,0.781
618,618,10,13,120,92,Tuesday,8,0.652
619,619,11,12,140,73,Tuesday,8,0.959
620,620,0,1,120,91,Tuesday,10,0.659
621,621,0,2,130,108,Tuesday,10,0.602
622,622,0,3,70,63,Tuesday,10,0.556
623,623,1,2,70,53,Tuesday,10,0.660
624,624,1,7,110,94,Tuesday,10,0.585
625,625,2,5,90,63,Tuesday,10,0.714
626,626,3,4,110,77,Tuesday,10,0.714
627,627,3,10,60,59,Tuesday,10,0.508
628,628,4,5,120,112,Tuesday,10,0.536
629,629,4,6,140,138,Tuesday,10,0.507
630,630,5,8,50,45,Tuesday,10,0.556
631,631,5,12,50,37,Tuesday,10,0.676
632,632,6,7,140,124,Tuesday,10,0.565
633,633,7,9,100,98,Tuesday,10,0.510
634,634,8,9,60,59,Tuesday,10,0.508
635,635,9,11,60,45,Tuesday,10,0.667
636,636,9,13,120,117,Tuesday,10,0.513
637,637,10,11,50,44,Tuesday,10,0.568
638,638,10,13,90,65,Tuesday,10,0.692
639,639,11,12,80,59,Tuesday,10,0.678
640,640,0,1,90,63,Tuesday,12,0.714
641,641,0,2,80,76,Tuesday,12,0.526
642,642,0,3,90,63,Tuesday,12,0.714
643,643,1,2,70,61,Tuesday,12,0.574
644,644,1,7,140,131,Tuesday,12,0.534
645,645,2,5,80,67,Tuesday,12,0.597
646,646,3,4,90,79,Tuesday,12,0.570
647,647,3,10,70,68,Tuesday,12,0.515
648,648,4,5,60,43,Tuesday,12,0.698
649,649,4,6,80,56,Tuesday,12,0.714
650,650,5,8,100,79,Tuesday,12,0.633
651,651,5,12,70,53,Tuesday,12,0.660
652,652,6,7,50,40,Tuesday,12,0.625
653,653,7,9,100,91,Tuesday,12,0.549
654,654,8,9,70,64,Tuesday,12,0.547
655,655,9,11,60,44,Tuesday,12,0.682
656,656,9,13,120,118,Tuesday,12,0.508
657,657,10,11,50,37,Tuesday,12,0.676
658,658,10,13,80,70,Tuesday,12,0.571
659,659,11,12,90,73,Tuesday,12,0.616
660,660,0,1,90,64,Tuesday,14,0.703
661,661,0,2,140,134,Tuesday,14,0.522
662,662,0,3,70,65,Tuesday,14,0.538
663,663,1,2,60,51,Tuesday,14,0.588
664,664,1,7,100,81,Tuesday,14,0.617
665,665,2,5,130,119,Tuesday,14,0.546
666,666,3,4,110,88,Tuesday,14,0.625
667,667,3,10,70,52,Tuesday,14,0.673
668,668,4,5,50,47,Tuesday,14,0.532
669,669,4,6,60,52,Tuesday,14,0.577
670,670,5,8,100,96,Tuesday,14,0.521
671,671,5,12,100,94,Tuesday,14,0.532
672,672,6,7,60,53,Tuesday,14,0.566
673,673,7,9,60,57,Tuesday,14,0.526
674,674,8,9,60,51,Tuesday,14,0.588
675,675,9,11,70,65,Tuesday,14,0.538
676,676,9,13,80,69,Tuesday,14,0.580
677,677,10,11,90,81,Tuesday,14,0.556
678,678,10,13,100,94,Tuesday,14,0.532
679,679,11,12,80,65,Tuesday,14,0.615
680,680,0,1,140,116,Tuesday,16,0.603
681,681,0,2,70,56,Tuesday,16,0.625
682,682,0,3,50,42,Tuesday,16,0.595
683,683,1,2,100,76,Tuesday,16,0.658
684,684,1,7,100,72,Tuesday,16,0.694
685,685,2,5,90,69,Tuesday,16,0.652
686,686,3,4,130,99,Tuesday,16,0.657
687,687,3,10,50,43,Tuesday,16,0.581
688,688,4,5,100,73,Tuesday,16,0.685
689,689,4,6,60,44,Tuesday,16,0.682
690,690,5,8,120,99,Tuesday,16,0.606
691,691,5,12,80,74,Tuesday,16,0.541
692,692,6,7,130,115,Tuesday,16,0.565
693,693,7,9,70,54,Tuesday,16,0.648
694,694,8,9,80,58,Tuesday,16,0.690
695,695,9,11,70,62,Tuesday,16,0.565
696,696,9,13,80,79,Tuesday,16,0.506
697,697,10,11,60,48,Tuesday,16,0.625
698,698,10,13,50,36,Tuesday,16,0.694
699,699,11,12,60,47,Tuesday,16,0.638
700,700,0,1,110,97,Tuesday,18,0.567
701,701,0,2,70,57,Tuesday,18,0.614
702,702,0,3,50,39,Tuesday,18,0.641
703,703,1,2,110,104,Tuesday,18,0.529
704,704,1,7,140,126,Tuesday,18,0.556
705,705,2,5,70,52,Tuesday,18,0.673
706,706,3,4,50,38,Tuesday,18,0.658
707,707,3,10,100,93,Tuesday,18,0.538
708,708,4,5,100,74,Tuesday,18,0.676
709,709,4,6,130,110,Tuesday,18,0.591
710,710,5,8,120,93,Tuesday,18,0.645
711,711,5,12,50,46,Tuesday,18,0.543
712,712,6,7,70,60,Tuesday,18,0.583
713,713,7,9,70,66,Tuesday,18,0.530
714,714,8,9,90,71,Tuesday,18,0.634
715,715,9,11,60,49,Tuesday,18,0.612
716,716,9,13,50,47,Tuesday,18,0.532
717,717,10,11,70,53,Tuesday,18,0.660
718,718,10,13,60,50,Tuesday,18,0.600
719,719,11,12,60,48,Tuesday,18,0.625
720,720,0,1,130,79,Tuesday,20,0.823
721,721,0,2,140,76,Tuesday,20,0.921
722,722,0,3,70,41,Tuesday,20,0.854
723,723,1,2,80,55,Tuesday,20,0.727
724,724,1,7,110,72,Tuesday,20,0.764
725,725,2,5,90,71,Tuesday,20,0.634
726,726,3,4,140,97,Tuesday,20,0.722
727,727,3,10,90,69,Tuesday,20,0.652
728,728,4,5,110,74,Tuesday,20,0.743
729,729,4,6,100,57,Tuesday,20,0.877
730,730,5,8,110,56,Tuesday,20,0.982
731,731,5,12,120,79,Tuesday,20,0.759
732,732,6,7,60,46,Tuesday,20,0.652
733,733,7,9,80,56,Tuesday,20,0.714
734,734,8,9,140,107,Tuesday,20,0.654
735,735,9,11,60,32,Tuesday,20,0.938
736,736,9,13,100,54,Tuesday,20,0.926
737,737,10,11,110,69,Tuesday,20,0.797
738,738,10,13,50,37,Tuesday,20,0.676
739,739,11,12,80,57,Tuesday,20,0.702
740,740,0,1,130,93,Tuesday,22,0.699
741,741,0,2,50,26,Tuesday,22,0.962
742,742,0,3,60,33,Tuesday,22,0.909
743,743,1,2,120,71,Tuesday,22,0.845
744,744,1,7,50,37,Tuesday,22,0.676
745,745,2,5,100,57,Tuesday,22,0.877
746,746,3,4,90,65,Tuesday,22,0.692
747,747,3,10,100,68,Tuesday,22,0.735
748,748,4,5,100,74,Tuesday,22,0.676
749,749,4,6,70,45,Tuesday,22,0.778
750,750,5,8,140,97,Tuesday,22,0.722
751,751,5,12,140,110,Tuesday,22,0.636
752,752,6,7,70,46,Tuesday,22,0.761
753,753,7,9,70,44,Tuesday,22,0.795
754,754,8,9,130,92,Tuesday,22,0.707
755,755,9,11,60,39,Tuesday,22,0.769
756,756,9,13,110,77,Tuesday,22,0.714
757,757,10,11,60,45,Tuesday,22,0.667
758,758,10,13,120,63,Tuesday,22,0.952
759,759,11,12,80,56,Tuesday,22,0.714
760,760,0,1,110,70,Tuesday,24,0.786
761,761,0,2,140,78,Tuesday,24,0.897
762,762,0,3,60,37,Tuesday,24,0.811
763,763,1,2,130,76,Tuesday,24,0.855
764,764,1,7,100,72,Tuesday,24,0.694
765,765,2,5,110,84,Tuesday,24,0.655
766,766,3,4,90,68,Tuesday,24,0.662
767,767,3,10,130,102,Tuesday,24,0.637
768,768,4,5,80,45,Tuesday,24,0.889
769,769,4,6,100,72,Tuesday,24,0.694
770,770,5,8,60,41,Tuesday,24,0.732
771,771,5,12,90,51,Tuesday,24,0.882
772,772,6,7,70,36,Tuesday,24,0.972
773,773,7,9,60,39,Tuesday,24,0.769
774,774,8,9,130,81,Tuesday,24,0.802
775,775,9,11,130,73,Tuesday,24,0.890
776,776,9,13,110,78,Tuesday,24,0.705
777,777,10,11,120,87,Tuesday,24,0.690
778,778,10,13,100,74,Tuesday,24,0.676
779,779,11,12,80,42,Tuesday,24,0.952
780,780,0,1,130,103,Wednesday,0,0.631
781,781,0,2,90,46,Wednesday,0,0.978
782,782,0,3,140,74,Wednesday,0,0.946
783,783,1,2,100,59,Wednesday,0,0.847
784,784,1,7,90,50,Wednesday,0,0.900
785,785,2,5,140,94,Wednesday,0,0.745
786,786,3,4,80,42,Wednesday,0,0.952
787,787,3,10,120,63,Wednesday,0,0.952
788,788,4,5,90,51,Wednesday,0,0.882
789,789,4,6,110,69,Wednesday,0,0.797
790,790,5,8,130,88,Wednesday,0,0.739
791,791,5,12,110,68,Wednesday,0,0.809
792,792,6,7,80,41,Wednesday,0,0.976
793,793,7,9,90,52,Wednesday,0,0.865
794,794,8,9,80,51,Wednesday,0,0.784
795,795,9,11,110,71,Wednesday,0,0.775
796,796,9,13,120,94,Wednesday,0,0.638
797,797,10,11,140,82,Wednesday,0,0.854
798,798,10,13,110,75,Wednesday,0,0.733
799,799,11,12,90,50,Wednesday,0,0.900
800,800,0,1,50,34,Wednesday,2,0.735
801,801,0,2,100,54,Wednesday,2,0.926
802,802,0,3,60,33,Wednesday,2,0.909
803,803,1,2,80,58,Wednesday,2,0.690
804,804,1,7,80,54,Wednesday,2,0.741
805,805,2,5,140,103,Wednesday,2,0.680
806,806,3,4,90,70,Wednesday,2,0.643
807,807,3,10,100,61,Wednesday,2,0.820
808,808,4,5,70,45,Wednesday,2,0.778
809,809,4,6,130,93,Wednesday,2,0.699
810,810,5,8,90,58,Wednesday,2,0.776
811,811,5,12,100,61,Wednesday,2,0.820
812,812,6,7,130,79,Wednesday,2,0.823
813,813,7,9,90,66,Wednesday,2,0.682
814,814,8,9,110,67,Wednesday,2,0.821
815,815,9,11,100,79,Wednesday,2,0.633
816,816,9,13,90,66,Wednesday,2,0.682
817,817,10,11,110,76,Wednesday,2,0.724
818,818,10,13,80,43,Wednesday,2,0.930
819,819,11,12,70,38,Wednesday,2,0.921
820,820,0,1,90,45,Wednesday,4,1.000
821,821,0,2,140,89,Wednesday,4,0.787
822,822,0,3,80,49,Wednesday,4,0.816
823,823,1,2,110,60,Wednesday,4,0.917
824,824,1,7,90,61,Wednesday,4,0.738
825,825,2,5,100,59,Wednesday,4,0.847
826,826,3,4,130,73,Wednesday,4,0.890
827,827,3,10,60,32,Wednesday,4,0.938
828,828,4,5,130,83,Wednesday,4,0.783
829,829,4,6,60,43,Wednesday,4,0.698
830,830,5,8,80,53,Wednesday,4,0.755
831,831,5,12,110,63,Wednesday,4,0.873
832,832,6,7,100,54,Wednesday,4,0.926
833,833,7,9,130,72,Wednesday,4,0.903
834,834,8,9,100,60,Wednesday,4,0.833
835,835,9,11,60,43,Wednesday,4,0.698
836,836,9,13,140,95,Wednesday,4,0.737
837,837,10,11,80,60,Wednesday,4,0.667
838,838,10,13,110,85,Wednesday,4,0.647
839,839,11,12,60,39,Wednesday,4,0.769
840,840,0,1,80,58,Wednesday,6,0.690
841,841,0,2,140,76,Wednesday,6,0.921
842,842,0,3,100,64,Wednesday,6,0.781
843,843,1,2,80,48,Wednesday,6,0.833
844,844,1,7,70,50,Wednesday,6,0.700
845,845,2,5,130,79,Wednesday,6,0.823
846,846,3,4,100,58,Wednesday,6,0.862
847,847,3,10,100,54,Wednesday,6,0.926
848,848,4,5,110,69,Wednesday,6,0.797
849,849,4,6,70,53,Wednesday,6,0.660
850,850,5,8,70,38,Wednesday,6,0.921
851,851,5,12,130,96,Wednesday,6,0.677
852,852,6,7,80,51,Wednesday,6,0.784
853,853,7,9,60,35,Wednesday,6,0.857
854,854,8,9,70,47,Wednesday,6,0.745
855,855,9,11,110,71,Wednesday,6,0.775
856,856,9,13,80,48,Wednesday,6,0.833
857,857,10,11,80,48,Wednesday,6,0.833
858,858,10,13,50,25,Wednesday,6,1.000
859,859,11,12,50,30,Wednesday,6,0.833
860,860,0,1,60,38,Wednesday,8,0.789
861,861,0,2,100,56,Wednesday,8,0.893
862,862,0,3,50,39,Wednesday,8,0.641
863,863,1,2,100,52,Wednesday,8,0.962
864,864,1,7,100,63,Wednesday,8,0.794
865,865,2,5,60,32,Wednesday,8,0.938
866,866,3,4,70,39,Wednesday,8,0.897
867,867,3,10,140,94,Wednesday,8,0.745
868,868,4,5,110,69,Wednesday,8,0.797
869,869,4,6,140,85,Wednesday,8,0.824
870,870,5,8,80,41,Wednesday,8,0.976
871,871,5,12,100,75,Wednesday,8,0.667
872,872,6,7,130,78,Wednesday,8,0.833
873,873,7,9,90,61,Wednesday,8,0.738
874,874,8,9,70,41,Wednesday,8,0.854
875,875,9,11,60,47,Wednesday,8,0.638
876,876,9,13,130,81,Wednesday,8,0.802
877,877,10,11,80,47,Wednesday,8,0.851
878,878,10,13,60,38,Wednesday,8,0.789
879,879,11,12,50,36,Wednesday,8,0.694
880,880,0,1,80,62,Wednesday,10,0.645
881,881,0,2,50,46,Wednesday,10,0.543
882,882,0,3,130,98,Wednesday,10,0.663
883,883,1,2,100,74,Wednesday,10,0.676
884,884,1,7,120,99,Wednesday,10,0.606
885,885,2,5,120,86,Wednesday,10,0.698
886,886,3,4,100,88,Wednesday,10,0.568
887,887,3,10,90,88,Wednesday,10,0.511
888,888,4,5,80,66,Wednesday,10,0.606
889,889,4,6,80,66,Wednesday,10,0.606
890,890,5,8,60,42,Wednesday,10,0.714
891,891,5,12,100,88,Wednesday,10,0.568
892,892,6,7,120,114,Wednesday,10,0.526
893,893,7,9,60,58,Wednesday,10,0.517
894,894,8,9,140,113,Wednesday,10,0.619
895,895,9,11,120,101,Wednesday,10,0.594
896,896,9,13,140,112,Wednesday,10,0.625
897,897,10,11,80,75,Wednesday,10,0.533
898,898,10,13,70,68,Wednesday,10,0.515
899,899,11,12,110,85,Wednesday,10,0.647
900,900,0,1,90,77,Wednesday,12,0.584
901,901,0,2,140,122,Wednesday,12,0.574
902,902,0,3,130,109,Wednesday,12,0.596
903,903,1,2,140,136,Wednesday,12,0.515
904,904,1,7,80,63,Wednesday,12,0.635
905,905,2,5,80,70,Wednesday,12,0.571
906,906,3,4,70,67,Wednesday,12,0.522
907,907,3,10,90,71,Wednesday,12,0.634
908,908,4,5,100,95,Wednesday,12,0.526
909,909,4,6,50,43,Wednesday,12,0.581
910,910,5,8,50,37,Wednesday,12,0.676
911,911,5,12,60,53,Wednesday,12,0.566
912,912,6,7,60,54,Wednesday,12,0.556
913,913,7,9,110,92,Wednesday,12,0.598
914,914,8,9,60,57,Wednesday,12,0.526
915,915,9,11,100,87,Wednesday,12,0.575
916,916,9,13,50,44,Wednesday,12,0.568
917,917,10,11,100,72,Wednesday,12,0.694
918,918,10,13,80,67,Wednesday,12,0.597
919,919,11,12,110,98,Wednesday,12,0.561
920,920,0,1,80,77,Wednesday,14,0.519
921,921,0,2,80,68,Wednesday,14,0.588
922,922,0,3,120,99,Wednesday,14,0.606
923,923,1,2,110,91,Wednesday,14,0.604
924,924,1,7,130,91,Wednesday,14,0.714
925,925,2,5,100,72,Wednesday,14,0.694
926,926,3,4,70,51,Wednesday,14,0.686
927,927,3,10,130,105,Wednesday,14,0.619
928,928,4,5,90,86,Wednesday,14,0.523
929,929,4,6,110,105,Wednesday,14,0.524
930,930,5,8,120,103,Wednesday,14,0.583
931,931,5,12,130,118,Wednesday,14,0.551
932,932,6,7,140,139,Wednesday,14,0.504
933,933,7,9,90,84,Wednesday,14,0.536
934,934,8,9,60,47,Wednesday,14,0.638
935,935,9,11,140,139,Wednesday,14,0.504
936,936,9,13,70,60,Wednesday,14,0.583
937,937,10,11,130,119,Wednesday,14,0.546
938,938,10,13,100,75,Wednesday,14,0.667
939,939,11,12,50,48,Wednesday,14,0.521
940,940,0,1,120,108,Wednesday,16,0.556
941,941,0,2,120,97,Wednesday,16,0.619
942,942,0,3,90,74,Wednesday,16,0.608
943,943,1,2,90,82,Wednesday,16,0.549
944,944,1,7,100,73,Wednesday,16,0.685
945,945,2,5,60,59,Wednesday,16,0.508
946,946,3,4,70,56,Wednesday,16,0.625
947,947,3,10,90,64,Wednesday,16,0.703
948,948,4,5,130,108,Wednesday,16,0.602
949,949,4,6,110,107,Wednesday,16,0.514
950,950,5,8,140,125,Wednesday,16,0.560
951,951,5,12,120,119,Wednesday,16,0.504
952,952,6,7,100,89,Wednesday,16,0.562
953,953,7,9,120,105,Wednesday,16,0.571
954,954,8,9,50,46,Wednesday,16,0.543
955,955,9,11,140,118,Wednesday,16,0.593
956,956,9,13,50,49,Wednesday,16,0.510
957,957,10,11,90,75,Wednesday,16,0.600
958,958,10,13,90,83,Wednesday,16,0.542
959,959,11,12,70,50,Wednesday,16,0.700
960,960,0,1,70,65,Wednesday,18,0.538
961,961,0,2,120,96,Wednesday,18,0.625
962,962,0,3,60,55,Wednesday,18,0.545
963,963,1,2,100,94,Wednesday,18,0.532
964,964,1,7,110,80,Wednesday,18,0.688
965,965,2,5,130,106,Wednesday,18,0.613
966,966,3,4,90,71,Wednesday,18,0.634
967,967,3,10,130,95,Wednesday,18,0.684
968,968,4,5,100,89,Wednesday,18,0.562
969,969,4,6,100,79,Wednesday,18,0.633
970,970,5,8,100,97,Wednesday,18,0.515
971,971,5,12,60,52,Wednesday,18,0.577
972,972,6,7,110,90,Wednesday,18,0.611
973,973,7,9,120,102,Wednesday,18,0.588
974,974,8,9,130,102,Wednesday,18,0.637
975,975,9,11,110,104,Wednesday,18,0.529
976,976,9,13,120,110,Wednesday,18,0.545
977,977,10,11,140,136,Wednesday,18,0.515
978,978,10,13,140,115,Wednesday,18,0.609
979,979,11,12,70,53,Wednesday,18,0.660
980,980,0,1,100,77,Wednesday,20,0.649
981,981,0,2,60,46,Wednesday,20,0.652
982,982,0,3,140,103,Wednesday,20,0.680
983,983,1,2,100,72,Wednesday,20,0.694
984,984,1,7,140,81,Wednesday,20,0.864
985,985,2,5,120,93,Wednesday,20,0.645
986,986,3,4,140,71,Wednesday,20,0.986
987,987,3,10,140,96,Wednesday,20,0.729
988,988,4,5,140,89,Wednesday,20,0.787
989,989,4,6,90,51,Wednesday,20,0.882
990,990,5,8,130,80,Wednesday,20,0.812
991,991,5,12,120,73,Wednesday,20,0.822
992,992,6,7,70,44,Wednesday,20,0.795
993,993,7,9,100,55,Wednesday,20,0.909
994,994,8,9,110,81,Wednesday,20,0.679
995,995,9,11,110,84,Wednesday,20,0.655
996,996,9,13,90,53,Wednesday,20,0.849
997,997,10,11,140,98,Wednesday,20,0.714
998,998,10,13,140,89,Wednesday,20,0.787
999,999,11,12,110,65,Wednesday,20,0.846
1000,1000,0,1,60,35,Wednesday,22,0.857
1001,1001,0,2,110,71,Wednesday,22,0.775
1002,1002,0,3,90,54,Wednesday,22,0.833
1003,1003,1,2,110,76,Wednesday,22,0.724
1004,1004,1,7,60,43,Wednesday,22,0.698
1005,1005,2,5,60,41,Wednesday,22,0.732
1006,1006,3,4,100,78,Wednesday,22,0.641
1007,1007,3,10,120,71,Wednesday,22,0.845
1008,1008,4,5,130,87,Wednesday,22,0.747
1009,1009,4,6,90,62,Wednesday,22,0.726
1010,1010,5,8,110,64,Wednesday,22,0.859
1011,1011,5,12,90,66,Wednesday,22,0.682
1012,1012,6,7,120,80,Wednesday,22,0.750
1013,1013,7,9,130,86,Wednesday,22,0.756
1014,1014,8,9,70,38,Wednesday,22,0.921
1015,1015,9,11,50,32,Wednesday,22,0.781
1016,1016,9,13,140,104,Wednesday,22,0.673
1017,1017,10,11,60,31,Wednesday,22,0.968
1018,1018,10,13,100,53,Wednesday,22,0.943
1019,1019,11,12,60,35,Wednesday,22,0.857
1020,1020,0,1,110,58,Wednesday,24,0.948
1021,1021,0,2,140,108,Wednesday,24,0.648
1022,1022,0,3,100,76,Wednesday,24,0.658
1023,1023,1,2,120,81,Wednesday,24,0.741
1024,1024,1,7,130,83,Wednesday,24,0.783
1025,1025,2,5,90,57,Wednesday,24,0.789
1026,1026,3,4,70,55,Wednesday,24,0.636
1027,1027,3,10,50,39,Wednesday,24,0.641
1028,1028,4,5,100,60,Wednesday,24,0.833
1029,1029,4,6,60,37,Wednesday,24,0.811
1030,1030,5,8,100,63,Wednesday,24,0.794
1031,1031,5,12,110,83,Wednesday,24,0.663
1032,1032,6,7,70,49,Wednesday,24,0.714
1033,1033,7,9,80,56,Wednesday,24,0.714
1034,1034,8,9,90,50,Wednesday,24,0.900
1035,1035,9,11,50,39,Wednesday,24,0.641
1036,1036,9,13,60,41,Wednesday,24,0.732
1037,1037,10,11,70,46,Wednesday,24,0.761
1038,1038,10,13,120,90,Wednesday,24,0.667
1039,1039,11,12,100,68,Wednesday,24,0.735
1040,1040,0,1,70,54,Thrusday,0,0.648
1041,1041,0,2,140,90,Thrusday,0,0.778
1042,1042,0,3,90,52,Thrusday,0,0.865
1043,1043,1,2,60,33,Thrusday,0,0.909
1044,1044,1,7,110,72,Thrusday,0,0.764
1045,1045,2,5,80,54,Thrusday,0,0.741
1046,1046,3,4,70,47,Thrusday,0,0.745
1047,1047,3,10,130,81,Thrusday,0,0.802
1048,1048,4,5,50,25,Thrusday,0,1.000
1049,1049,4,6,80,62,Thrusday,0,0.645
1050,1050,5,8,120,81,Thrusday,0,0.741
1051,1051,5,12,70,49,Thrusday,0,0.714
1052,1052,6,7,70,39,Thrusday,0,0.897
1053,1053,7,9,140,103,Thrusday,0,0.680
1054,1054,8,9,80,57,Thrusday,0,0.702
1055,1055,9,11,130,77,Thrusday,0,0.844
1056,1056,9,13,70,45,Thrusday,0,0.778
1057,1057,10,11,130,75,Thrusday,0,0.867
1058,1058,10,13,130,65,Thrusday,0,1.000
1059,1059,11,12,100,52,Thrusday,0,0.962
1060,1060,0,1,110,61,Thrusday,2,0.902
1061,1061,0,2,110,87,Thrusday,2,0.632
1062,1062,0,3,70,42,Thrusday,2,0.833
1063,1063,1,2,120,80,Thrusday,2,0.750
1064,1064,1,7,50,28,Thrusday,2,0.893
1065,1065,2,5,120,76,Thrusday,2,0.789
1066,1066,3,4,60,36,Thrusday,2,0.833
1067,1067,3,10,110,71,Thrusday,2,0.775
1068,1068,4,5,140,90,Thrusday,2,0.778
1069,1069,4,6,140,106,Thrusday,2,0.660
1070,1070,5,8,120,67,Thrusday,2,0.896
1071,1071,5,12,110,65,Thrusday,2,0.846
1072,1072,6,7,120,69,Thrusday,2,0.870
1073,1073,7,9,90,53,Thrusday,2,0.849
1074,1074,8,9,130,95,Thrusday,2,0.684
1075,1075,9,11,70,48,Thrusday,2,0.729
1076,1076,9,13,70,51,Thrusday,2,0.686
1077,1077,10,11,120,60,Thrusday,2,1.000
1078,1078,10,13,80,50,Thrusday,2,0.800
1079,1079,11,12,120,84,Thrusday,2,0.714
1080,1080,0,1,140,90,Thrusday,4,0.778
1081,1081,0,2,130,92,Thrusday,4,0.707
1082,1082,0,3,130,73,Thrusday,4,0.890
1083,1083,1,2,90,67,Thrusday,4,0.672
1084,1084,1,7,50,38,Thrusday,4,0.658
1085,1085,2,5,90,56,Thrusday,4,0.804
1086,1086,3,4,70,40,Thrusday,4,0.875
1087,1087,3,10,140,96,Thrusday,4,0.729
1088,1088,4,5,120,61,Thrusday,4,0.984
1089,1089,4,6,70,53,Thrusday,4,0.660
1090,1090,5,8,140,79,Thrusday,4,0.886
1091,1091,5,12,120,63,Thrusday,4,0.952
1092,1092,6,7,60,40,Thrusday,4,0.750
1093,1093,7,9,80,52,Thrusday,4,0.769
1094,1094,8,9,80,62,Thrusday,4,0.645
1095,1095,9,11,100,53,Thrusday,4,0.943
1096,1096,9,13,120,69,Thrusday,4,0.870
1097,1097,10,11,110,87,Thrusday,4,0.632
1098,1098,10,13,80,61,Thrusday,4,0.656
1099,1099,11,12,60,41,Thrusday,4,0.732
1100,1100,0,1,60,35,Thrusday,6,0.857
1101,1101,0,2,110,75,Thrusday,6,0.733
1102,1102,0,3,90,48,Thrusday,6,0.938
1103,1103,1,2,50,35,Thrusday,6,0.714
1104,1104,1,7,130,67,Thrusday,6,0.970
1105,1105,2,5,80,61,Thrusday,6,0.656
1106,1106,3,4,120,85,Thrusday,6,0.706
1107,1107,3,10,130,71,Thrusday,6,0.915
1108,1108,4,5,130,72,Thrusday,6,0.903
1109,1109,4,6,90,59,Thrusday,6,0.763
1110,1110,5,8,50,29,Thrusday,6,0.862
1111,1111,5,12,80,61,Thrusday,6,0.656
1112,1112,6,7,50,28,Thrusday,6,0.893
1113,1113,7,9,100,58,Thrusday,6,0.862
1114,1114,8,9,70,38,Thrusday,6,0.921
1115,1115,9,11,140,76,Thrusday,6,0.921
1116,1116,9,13,70,51,Thrusday,6,0.686
1117,1117,10,11,120,78,Thrusday,6,0.769
1118,1118,10,13,130,85,Thrusday,6,0.765
1119,1119,11,12,60,40,Thrusday,6,0.750
1120,1120,0,1,60,40,Thrusday,8,0.750
1121,1121,0,2,100,57,Thrusday,8,0.877
1122,1122,0,3,60,37,Thrusday,8,0.811
1123,1123,1,2,110,86,Thrusday,8,0.640
1124,1124,1,7,120,83,Thrusday,8,0.723
1125,1125,2,5,50,35,Thrusday,8,0.714
1126,1126,3,4,60,47,Thrusday,8,0.638
1127,1127,3,10,110,55,Thrusday,8,1.000
1128,1128,4,5,80,50,Thrusday,8,0.800
1129,1129,4,6,50,35,Thrusday,8,0.714
1130,1130,5,8,60,42,Thrusday,8,0.714
1131,1131,5,12,70,36,Thrusday,8,0.972
1132,1132,6,7,110,77,Thrusday,8,0.714
1133,1133,7,9,130,76,Thrusday,8,0.855
1134,1134,8,9,80,57,Thrusday,8,0.702
1135,1135,9,11,60,36,Thrusday,8,0.833
1136,1136,9,13,100,65,Thrusday,8,0.769
1137,1137,10,11,120,66,Thrusday,8,0.909
1138,1138,10,13,80,40,Thrusday,8,1.000
1139,1139,11,12,140,97,Thrusday,8,0.722
1140,1140,0,1,90,71,Thrusday,10,0.634
1141,1141,0,2,90,82,Thrusday,10,0.549
1142,1142,0,3,100,79,Thrusday,10,0.633
1143,1143,1,2,80,64,Thrusday,10,0.625
1144,1144,1,7,130,119,Thrusday,10,0.546
1145,1145,2,5,60,48,Thrusday,10,0.625
1146,1146,3,4,100,71,Thrusday,10,0.704
1147,1147,3,10,50,41,Thrusday,10,0.610
1148,1148,4,5,100,79,Thrusday,10,0.633
1149,1149,4,6,80,76,Thrusday,10,0.526
1150,1150,5,8,100,89,Thrusday,10,0.562
1151,1151,5,12,90,71,Thrusday,10,0.634
1152,1152,6,7,140,120,Thrusday,10,0.583
1153,1153,7,9,140,139,Thrusday,10,0.504
1154,1154,8,9,70,67,Thrusday,10,0.522
1155,1155,9,11,70,66,Thrusday,10,0.530
1156,1156,9,13,60,59,Thrusday,10,0.508
1157,1157,10,11,60,50,Thrusday,10,0.600
1158,1158,10,13,60,50,Thrusday,10,0.600
1159,1159,11,12,120,106,Thrusday,10,0.566
1160,1160,0,1,130,112,Thrusday,12,0.580
1161,1161,0,2,90,78,Thrusday,12,0.577
1162,1162,0,3,50,43,Thrusday,12,0.581
1163,1163,1,2,100,73,Thrusday,12,0.685
1164,1164,1,7,70,67,Thrusday,12,0.522
1165,1165,2,5,110,100,Thrusday,12,0.550
1166,1166,3,4,110,108,Thrusday,12,0.509
1167,1167,3,10,100,78,Thrusday,12,0.641
1168,1168,4,5,120,113,Thrusday,12,0.531
1169,1169,4,6,110,108,Thrusday,12,0.509
1170,1170,5,8,80,69,Thrusday,12,0.580
1171,1171,5,12,70,57,Thrusday,12,0.614
1172,1172,6,7,120,113,Thrusday,12,0.531
1173,1173,7,9,80,67,Thrusday,12,0.597
1174,1174,8,9,90,65,Thrusday,12,0.692
1175,1175,9,11,110,108,Thrusday,12,0.509
1176,1176,9,13,80,61,Thrusday,12,0.656
1177,1177,10,11,60,50,Thrusday,12,0.600
1178,1178,10,13,110,85,Thrusday,12,0.647
1179,1179,11,12,50,40,Thrusday,12,0.625
1180,1180,0,1,120,91,Thrusday,14,0.659
1181,1181,0,2,110,92,Thrusday,14,0.598
1182,1182,0,3,110,97,Thrusday,14,0.567
1183,1183,1,2,110,87,Thrusday,14,0.632
1184,1184,1,7,60,53,Thrusday,14,0.566
1185,1185,2,5,100,95,Thrusday,14,0.526
1186,1186,3,4,110,99,Thrusday,14,0.556
1187,1187,3,10,140,109,Thrusday,14,0.642
1188,1188,4,5,50,48,Thrusday,14,0.521
1189,1189,4,6,120,117,Thrusday,14,0.513
1190,1190,5,8,90,66,Thrusday,14,0.682
1191,1191,5,12,130,123,Thrusday,14,0.528
1192,1192,6,7,60,49,Thrusday,14,0.612
1193,1193,7,9,140,100,Thrusday,14,0.700
1194,1194,8,9,100,85,Thrusday,14,0.588
1195,1195,9,11,130,112,Thrusday,14,0.580
1196,1196,9,13,70,55,Thrusday,14,0.636
1197,1197,10,11,100,88,Thrusday,14,0.568
1198,1198,10,13,130,99,Thrusday,14,0.657
1199,1199,11,12,130,121,Thrusday,14,0.537
1200,1200,0,1,140,124,Thrusday,16,0.565
1201,1201,0,2,60,58,Thrusday,16,0.517
1202,1202,0,3,70,66,Thrusday,16,0.530
1203,1203,1,2,110,105,Thrusday,16,0.524
1204,1204,1,7,130,128,Thrusday,16,0.508
1205,1205,2,5,130,100,Thrusday,16,0.650
1206,1206,3,4,60,44,Thrusday,16,0.682
1207,1207,3,10,80,68,Thrusday,16,0.588
1208,1208,4,5,60,58,Thrusday,16,0.517
1209,1209,4,6,120,97,Thrusday,16,0.619
1210,1210,5,8,140,110,Thrusday,16,0.636
1211,1211,5,12,70,61,Thrusday,16,0.574
1212,1212,6,7,60,54,Thrusday,16,0.556
1213,1213,7,9,120,90,Thrusday,16,0.667
1214,1214,8,9,90,71,Thrusday,16,0.634
1215,1215,9,11,120,91,Thrusday,16,0.659
1216,1216,9,13,80,57,Thrusday,16,0.702
1217,1217,10,11,100,99,Thrusday,16,0.505
1218,1218,10,13,50,44,Thrusday,16,0.568
1219,1219,11,12,140,126,Thrusday,16,0.556
1220,1220,0,1,140,133,Thrusday,18,0.526
1221,1221,0,2,60,44,Thrusday,18,0.682
1222,1222,0,3,80,61,Thrusday,18,0.656
1223,1223,1,2,70,54,Thrusday,18,0.648
1224,1224,1,7,70,62,Thrusday,18,0.565
1225,1225,2,5,140,116,Thrusday,18,0.603
1226,1226,3,4,140,120,Thrusday,18,0.583
1227,1227,3,10,90,65,Thrusday,18,0.692
1228,1228,4,5,140,125,Thrusday,18,0.560
1229,1229,4,6,80,71,Thrusday,18,0.563
1230,1230,5,8,60,50,Thrusday,18,0.600
1231,1231,5,12,130,101,Thrusday,18,0.644
1232,1232,6,7,50,38,Thrusday,18,0.658
1233,1233,7,9,70,58,Thrusday,18,0.603
1234,1234,8,9,130,114,Thrusday,18,0.570
1235,1235,9,11,50,37,Thrusday,18,0.676
1236,1236,9,13,100,97,Thrusday,18,0.515
1237,1237,10,11,60,53,Thrusday,18,0.566
1238,1238,10,13,110,90,Thrusday,18,0.611
1239,1239,11,12,100,77,Thrusday,18,0.649
1240,1240,0,1,130,78,Thrusday,20,0.833
1241,1241,0,2,100,64,Thrusday,20,0.781
1242,1242,0,3,60,38,Thrusday,20,0.789
1243,1243,1,2,130,90,Thrusday,20,0.722
1244,1244,1,7,80,44,Thrusday,20,0.909
1245,1245,2,5,80,60,Thrusday,20,0.667
1246,1246,3,4,80,57,Thrusday,20,0.702
1247,1247,3,10,140,79,Thrusday,20,0.886
1248,1248,4,5,100,61,Thrusday,20,0.820
1249,1249,4,6,140,102,Thrusday,20,0.686
1250,1250,5,8,50,39,Thrusday,20,0.641
1251,1251,5,12,100,77,Thrusday,20,0.649
1252,1252,6,7,70,40,Thrusday,20,0.875
1253,1253,7,9,140,91,Thrusday,20,0.769
1254,1254,8,9,130,69,Thrusday,20,0.942
1255,1255,9,11,130,95,Thrusday,20,0.684
1256,1256,9,13,100,79,Thrusday,20,0.633
1257,1257,10,11,130,102,Thrusday,20,0.637
1258,1258,10,13,50,27,Thrusday,20,0.926
1259,1259,11,12,100,67,Thrusday,20,0.746
1260,1260,0,1,140,86,Thrusday,22,0.814
1261,1261,0,2,120,61,Thrusday,22,0.984
1262,1262,0,3,130,101,Thrusday,22,0.644
1263,1263,1,2,60,34,Thrusday,22,0.882
1264,1264,1,7,110,72,Thrusday,22,0.764
1265,1265,2,5,120,75,Thrusday,22,0.800
1266,1266,3,4,70,41,Thrusday,22,0.854
1267,1267,3,10,50,32,Thrusday,22,0.781
1268,1268,4,5,140,96,Thrusday,22,0.729
1269,1269,4,6,90,55,Thrusday,22,0.818
1270,1270,5,8,100,78,Thrusday,22,0.641
1271,1271,5,12,100,55,Thrusday,22,0.909
1272,1272,6,7,120,86,Thrusday,22,0.698
1273,1273,7,9,130,80,Thrusday,22,0.812
1274,1274,8,9,140,94,Thrusday,22,0.745
1275,1275,9,11,120,95,Thrusday,22,0.632
1276,1276,9,13,50,37,Thrusday,22,0.676
1277,1277,10,11,110,66,Thrusday,22,0.833
1278,1278,10,13,140,79,Thrusday,22,0.886
1279,1279,11,12,140,107,Thrusday,22,0.654
1280,1280,0,1,120,67,Thrusday,24,0.896
1281,1281,0,2,120,71,Thrusday,24,0.845
1282,1282,0,3,90,52,Thrusday,24,0.865
1283,1283,1,2,70,54,Thrusday,24,0.648
1284,1284,1,7,100,63,Thrusday,24,0.794
1285,1285,2,5,140,90,Thrusday,24,0.778
1286,1286,3,4,70,43,Thrusday,24,0.814
1287,1287,3,10,70,44,Thrusday,24,0.795
1288,1288,4,5,50,31,Thrusday,24,0.806
1289,1289,4,6,90,54,Thrusday,24,0.833
1290,1290,5,8,80,53,Thrusday,24,0.755
1291,1291,5,12,60,36,Thrusday,24,0.833
1292,1292,6,7,50,38,Thrusday,24,0.658
1293,1293,7,9,100,71,Thrusday,24,0.704
1294,1294,8,9,120,73,Thrusday,24,0.822
1295,1295,9,11,80,62,Thrusday,24,0.645
1296,1296,9,13,130,102,Thrusday,24,0.637
1297,1297,10,11,80,41,Thrusday,24,0.976
1298,1298,10,13,80,47,Thrusday,24,0.851
1299,1299,11,12,130,77,Thrusday,24,0.844
1300,1300,0,1,100,54,Friday,0,0.926
1301,1301,0,2,130,73,Friday,0,0.890
1302,1302,0,3,130,85,Friday,0,0.765
1303,1303,1,2,110,79,Friday,0,0.696
1304,1304,1,7,70,46,Friday,0,0.761
1305,1305,2,5,120,88,Friday,0,0.682
1306,1306,3,4,60,37,Friday,0,0.811
1307,1307,3,10,90,55,Friday,0,0.818
1308,1308,4,5,90,48,Friday,0,0.938
1309,1309,4,6,140,96,Friday,0,0.729
1310,1310,5,8,50,29,Friday,0,0.862
1311,1311,5,12,130,89,Friday,0,0.730
1312,1312,6,7,50,32,Friday,0,0.781
1313,1313,7,9,140,99,Friday,0,0.707
1314,1314,8,9,70,44,Friday,0,0.795
1315,1315,9,11,80,62,Friday,0,0.645
1316,1316,9,13,50,31,Friday,0,0.806
1317,1317,10,11,50,37,Friday,0,0.676
1318,1318,10,13,60,31,Friday,0,0.968
1319,1319,11,12,140,90,Friday,0,0.778
1320,1320,0,1,80,57,Friday,2,0.702
1321,1321,0,2,120,88,Friday,2,0.682
1322,1322,0,3,140,79,Friday,2,0.886
1323,1323,1,2,80,46,Friday,2,0.870
1324,1324,1,7,130,86,Friday,2,0.756
1325,1325,2,5,90,59,Friday,2,0.763
1326,1326,3,4,100,55,Friday,2,0.909
1327,1327,3,10,120,82,Friday,2,0.732
1328,1328,4,5,100,79,Friday,2,0.633
1329,1329,4,6,70,38,Friday,2,0.921
1330,1330,5,8,90,66,Friday,2,0.682
1331,1331,5,12,130,88,Friday,2,0.739
1332,1332,6,7,130,77,Friday,2,0.844
1333,1333,7,9,90,50,Friday,2,0.900
1334,1334,8,9,50,28,Friday,2,0.893
1335,1335,9,11,90,48,Friday,2,0.938
1336,1336,9,13,70,52,Friday,2,0.673
1337,1337,10,11,120,66,Friday,2,0.909
1338,1338,10,13,60,45,Friday,2,0.667
1339,1339,11,12,80,63,Friday,2,0.635
1340,1340,0,1,80,50,Friday,4,0.800
1341,1341,0,2,70,42,Friday,4,0.833
1342,1342,0,3,50,38,Friday,4,0.658
1343,1343,1,2,90,70,Friday,4,0.643
1344,1344,1,7,70,35,Friday,4,1.000
1345,1345,2,5,120,92,Friday,4,0.652
1346,1346,3,4,60,41,Friday,4,0.732
1347,1347,3,10,110,69,Friday,4,0.797
1348,1348,4,5,110,80,Friday,4,0.688
1349,1349,4,6,60,33,Friday,4,0.909
1350,1350,5,8,70,54,Friday,4,0.648
1351,1351,5,12,140,71,Friday,4,0.986
1352,1352,6,7,140,76,Friday,4,0.921
1353,1353,7,9,110,84,Friday,4,0.655
1354,1354,8,9,90,63,Friday,4,0.714
1355,1355,9,11,50,34,Friday,4,0.735
1356,1356,9,13,120,63,Friday,4,0.952
1357,1357,10,11,70,47,Friday,4,0.745
1358,1358,10,13,60,46,Friday,4,0.652
1359,1359,11,12,100,51,Friday,4,0.980
1360,1360,0,1,120,79,Friday,6,0.759
1361,1361,0,2,50,27,Friday,6,0.926
1362,1362,0,3,140,76,Friday,6,0.921
1363,1363,1,2,120,86,Friday,6,0.698
1364,1364,1,7,60,32,Friday,6,0.938
1365,1365,2,5,130,101,Friday,6,0.644
1366,1366,3,4,70,44,Friday,6,0.795
1367,1367,3,10,50,32,Friday,6,0.781
1368,1368,4,5,110,61,Friday,6,0.902
1369,1369,4,6,90,46,Friday,6,0.978
1370,1370,5,8,60,45,Friday,6,0.667
1371,1371,5,12,140,72,Friday,6,0.972
1372,1372,6,7,140,106,Friday,6,0.660
1373,1373,7,9,60,39,Friday,6,0.769
1374,1374,8,9,110,85,Friday,6,0.647
1375,1375,9,11,50,28,Friday,6,0.893
1376,1376,9,13,80,59,Friday,6,0.678
1377,1377,10,11,140,101,Friday,6,0.693
1378,1378,10,13,120,72,Friday,6,0.833
1379,1379,11,12,130,82,Friday,6,0.793
1380,1380,0,1,70,51,Friday,8,0.686
1381,1381,0,2,100,55,Friday,8,0.909
1382,1382,0,3,60,32,Friday,8,0.938
1383,1383,1,2,60,41,Friday,8,0.732
1384,1384,1,7,80,50,Friday,8,0.800
1385,1385,2,5,120,80,Friday,8,0.750
1386,1386,3,4,100,79,Friday,8,0.633
1387,1387,3,10,70,55,Friday,8,0.636
1388,1388,4,5,50,38,Friday,8,0.658
1389,1389,4,6,90,62,Friday,8,0.726
1390,1390,5,8,120,83,Friday,8,0.723
1391,1391,5,12,140,78,Friday,8,0.897
1392,1392,6,7,60,40,Friday,8,0.750
1393,1393,7,9,130,66,Friday,8,0.985
1394,1394,8,9,100,53,Friday,8,0.943
1395,1395,9,11,90,51,Friday,8,0.882
1396,1396,9,13,140,101,Friday,8,0.693
1397,1397,10,11,120,86,Friday,8,0.698
1398,1398,10,13,50,32,Friday,8,0.781
1399,1399,11,12,60,38,Friday,8,0.789
1400,1400,0,1,100,77,Friday,10,0.649
1401,1401,0,2,140,123,Friday,10,0.569
1402,1402,0,3,120,111,Friday,10,0.541
1403,1403,1,2,140,128,Friday,10,0.547
1404,1404,1,7,120,103,Friday,10,0.583
1405,1405,2,5,130,97,Friday,10,0.670
1406,1406,3,4,100,85,Friday,10,0.588
1407,1407,3,10,90,84,Friday,10,0.536
1408,1408,4,5,120,102,Friday,10,0.588
1409,1409,4,6,130,114,Friday,10,0.570
1410,1410,5,8,140,112,Friday,10,0.625
1411,1411,5,12,120,91,Friday,10,0.659
1412,1412,6,7,110,97,Friday,10,0.567
1413,1413,7,9,60,42,Friday,10,0.714
1414,1414,8,9,50,40,Friday,10,0.625
1415,1415,9,11,50,45,Friday,10,0.556
1416,1416,9,13,80,76,Friday,10,0.526
1417,1417,10,11,110,82,Friday,10,0.671
1418,1418,10,13,120,100,Friday,10,0.600
1419,1419,11,12,80,74,Friday,10,0.541
1420,1420,0,1,60,45,Friday,12,0.667
1421,1421,0,2,60,53,Friday,12,0.566
1422,1422,0,3,130,109,Friday,12,0.596
1423,1423,1,2,50,41,Friday,12,0.610
1424,1424,1,7,50,47,Friday,12,0.532
1425,1425,2,5,70,58,Friday,12,0.603
1426,1426,3,4,80,69,Friday,12,0.580
1427,1427,3,10,110,109,Friday,12,0.505
1428,1428,4,5,140,100,Friday,12,0.700
1429,1429,4,6,120,104,Friday,12,0.577
1430,1430,5,8,110,89,Friday,12,0.618
1431,1431,5,12,80,60,Friday,12,0.667
1432,1432,6,7,120,89,Friday,12,0.674
1433,1433,7,9,130,100,Friday,12,0.650
1434,1434,8,9,110,91,Friday,12,0.604
1435,1435,9,11,60,59,Friday,12,0.508
1436,1436,9,13,110,103,Friday,12,0.534
1437,1437,10,11,70,62,Friday,12,0.565
1438,1438,10,13,70,58,Friday,12,0.603
1439,1439,11,12,60,58,Friday,12,0.517
1440,1440,0,1,60,44,Friday,14,0.682
1441,1441,0,2,110,87,Friday,14,0.632
1442,1442,0,3,110,91,Friday,14,0.604
1443,1443,1,2,110,78,Friday,14,0.705
1444,1444,1,7,50,47,Friday,14,0.532
1445,1445,2,5,130,124,Friday,14,0.524
1446,1446,3,4,110,91,Friday,14,0.604
1447,1447,3,10,100,75,Friday,14,0.667
1448,1448,4,5,110,88,Friday,14,0.625
1449,1449,4,6,140,117,Friday,14,0.598
1450,1450,5,8,100,81,Friday,14,0.617
1451,1451,5,12,50,48,Friday,14,0.521
1452,1452,6,7,80,79,Friday,14,0.506
1453,1453,7,9,80,59,Friday,14,0.678
1454,1454,8,9,100,75,Friday,14,0.667
1455,1455,9,11,120,113,Friday,14,0.531
1456,1456,9,13,80,62,Friday,14,0.645
1457,1457,10,11,80,67,Friday,14,0.597
1458,1458,10,13,140,123,Friday,14,0.569
1459,1459,11,12,120,94,Friday,14,0.638
1460,1460,0,1,140,105,Friday,16,0.667
1461,1461,0,2,120,104,Friday,16,0.577
1462,1462,0,3,50,36,Friday,16,0.694
1463,1463,1,2,130,118,Friday,16,0.551
1464,1464,1,7,60,46,Friday,16,0.652
1465,1465,2,5,50,46,Friday,16,0.543
1466,1466,3,4,140,124,Friday,16,0.565
1467,1467,3,10,80,74,Friday,16,0.541
1468,1468,4,5,80,70,Friday,16,0.571
1469,1469,4,6,120,107,Friday,16,0.561
1470,1470,5,8,60,53,Friday,16,0.566
1471,1471,5,12,110,90,Friday,16,0.611
1472,1472,6,7,70,55,Friday,16,0.636
1473,1473,7,9,60,56,Friday,16,0.536
1474,1474,8,9,50,38,Friday,16,0.658
1475,1475,9,11,120,116,Friday,16,0.517
1476,1476,9,13,80,68,Friday,16,0.588
1477,1477,10,11,50,49,Friday,16,0.510
1478,1478,10,13,70,50,Friday,16,0.700
1479,1479,11,12,130,129,Friday,16,0.504
1480,1480,0,1,120,111,Friday,18,0.541
1481,1481,0,2,100,97,Friday,18,0.515
1482,1482,0,3,130,91,Friday,18,0.714
1483,1483,1,2,110,103,Friday,18,0.534
1484,1484,1,7,50,39,Friday,18,0.641
1485,1485,2,5,90,89,Friday,18,0.506
1486,1486,3,4,130,99,Friday,18,0.657
1487,1487,3,10,140,139,Friday,18,0.504
1488,1488,4,5,120,86,Friday,18,0.698
1489,1489,4,6,70,60,Friday,18,0.583
1490,1490,5,8,130,101,Friday,18,0.644
1491,1491,5,12,140,99,Friday,18,0.707
1492,1492,6,7,80,56,Friday,18,0.714
1493,1493,7,9,90,83,Friday,18,0.542
1494,1494,8,9,80,57,Friday,18,0.702
1495,1495,9,11,60,48,Friday,18,0.625
1496,1496,9,13,70,61,Friday,18,0.574
1497,1497,10,11,60,53,Friday,18,0.566
1498,1498,10,13,130,96,Friday,18,0.677
1499,1499,11,12,50,41,Friday,18,0.610
1500,1500,0,1,130,96,Friday,20,0.677
1501,1501,0,2,50,33,Friday,20,0.758
1502,1502,0,3,140,111,Friday,20,0.631
1503,1503,1,2,110,59,Friday,20,0.932
1504,1504,1,7,50,34,Friday,20,0.735
1505,1505,2,5,60,36,Friday,20,0.833
1506,1506,3,4,100,58,Friday,20,0.862
1507,1507,3,10,70,35,Friday,20,1.000
1508,1508,4,5,70,53,Friday,20,0.660
1509,1509,4,6,100,77,Friday,20,0.649
1510,1510,5,8,110,76,Friday,20,0.724
1511,1511,5,12,100,75,Friday,20,0.667
1512,1512,6,7,90,71,Friday,20,0.634
1513,1513,7,9,50,37,Friday,20,0.676
1514,1514,8,9,140,87,Friday,20,0.805
1515,1515,9,11,70,51,Friday,20,0.686
1516,1516,9,13,100,55,Friday,20,0.909
1517,1517,10,11,140,104,Friday,20,0.673
1518,1518,10,13,110,65,Friday,20,0.846
1519,1519,11,12,90,57,Friday,20,0.789
1520,1520,0,1,60,31,Friday,22,0.968
1521,1521,0,2,120,78,Friday,22,0.769
1522,1522,0,3,110,79,Friday,22,0.696
1523,1523,1,2,120,60,Friday,22,1.000
1524,1524,1,7,140,89,Friday,22,0.787
1525,1525,2,5,130,86,Friday,22,0.756
1526,1526,3,4,50,28,Friday,22,0.893
1527,1527,3,10,140,96,Friday,22,0.729
1528,1528,4,5,90,62,Friday,22,0.726
1529,1529,4,6,110,55,Friday,22,1.000
1530,1530,5,8,140,71,Friday,22,0.986
1531,1531,5,12,50,29,Friday,22,0.862
1532,1532,6,7,120,91,Friday,22,0.659
1533,1533,7,9,110,77,Friday,22,0.714
1534,1534,8,9,50,39,Friday,22,0.641
1535,1535,9,11,110,59,Friday,22,0.932
1536,1536,9,13,140,82,Friday,22,0.854
1537,1537,10,11,60,33,Friday,22,0.909
1538,1538,10,13,60,33,Friday,22,0.909
1539,1539,11,12,120,67,Friday,22,0.896
1540,1540,0,1,60,35,Friday,24,0.857
1541,1541,0,2,110,75,Friday,24,0.733
1542,1542,0,3,100,57,Friday,24,0.877
1543,1543,1,2,120,92,Friday,24,0.652
1544,1544,1,7,120,62,Friday,24,0.968
1545,1545,2,5,80,59,Friday,24,0.678
1546,1546,3,4,80,41,Friday,24,0.976
1547,1547,3,10,60,46,Friday,24,0.652
1548,1548,4,5,50,30,Friday,24,0.833
1549,1549,4,6,140,110,Friday,24,0.636
1550,1550,5,8,80,48,Friday,24,0.833
1551,1551,5,12,130,81,Friday,24,0.802
1552,1552,6,7,80,58,Friday,24,0.690
1553,1553,7,9,120,83,Friday,24,0.723
1554,1554,8,9,70,35,Friday,24,1.000
1555,1555,9,11,70,51,Friday,24,0.686
1556,1556,9,13,110,86,Friday,24,0.640
1557,1557,10,11,120,62,Friday,24,0.968
1558,1558,10,13,60,45,Friday,24,0.667
1559,1559,11,12,110,62,Friday,24,0.887
1560,1560,0,1,100,19,Saturday,0,2.632
1561,1561,0,2,120,24,Saturday,0,2.500
1562,1562,0,3,80,12,Saturday,0,3.333
1563,1563,1,2,70,7,Saturday,0,5.000
1564,1564,1,7,60,7,Saturday,0,4.286
1565,1565,2,5,100,12,Saturday,0,4.167
1566,1566,3,4,120,42,Saturday,0,1.429
1567,1567,3,10,140,14,Saturday,0,5.000
1568,1568,4,5,70,14,Saturday,0,2.500
1569,1569,4,6,120,18,Saturday,0,3.333
1570,1570,5,8,50,6,Saturday,0,4.167
1571,1571,5,12,100,24,Saturday,0,2.083
1572,1572,6,7,70,27,Saturday,0,1.296
1573,1573,7,9,70,25,Saturday,0,1.400
1574,1574,8,9,80,19,Saturday,0,2.105
1575,1575,9,11,50,7,Saturday,0,3.571
1576,1576,9,13,50,14,Saturday,0,1.786
1577,1577,10,11,140,55,Saturday,0,1.273
1578,1578,10,13,50,16,Saturday,0,1.562
1579,1579,11,12,90,21,Saturday,0,2.143
1580,1580,0,1,120,34,Saturday,2,1.765
1581,1581,0,2,140,52,Saturday,2,1.346
1582,1582,0,3,80,11,Saturday,2,3.636
1583,1583,1,2,80,19,Saturday,2,2.105
1584,1584,1,7,130,43,Saturday,2,1.512
1585,1585,2,5,60,22,Saturday,2,1.364
1586,1586,3,4,120,29,Saturday,2,2.069
1587,1587,3,10,60,6,Saturday,2,5.000
1588,1588,4,5,100,37,Saturday,2,1.351
1589,1589,4,6,140,28,Saturday,2,2.500
1590,1590,5,8,50,18,Saturday,2,1.389
1591,1591,5,12,100,15,Saturday,2,3.333
1592,1592,6,7,140,35,Saturday,2,2.000
1593,1593,7,9,120,47,Saturday,2,1.277
1594,1594,8,9,110,38,Saturday,2,1.447
1595,1595,9,11,70,13,Saturday,2,2.692
1596,1596,9,13,110,17,Saturday,2,3.235
1597,1597,10,11,140,21,Saturday,2,3.333
1598,1598,10,13,60,16,Saturday,2,1.875
1599,1599,11,12,50,6,Saturday,2,4.167
1600,1600,0,1,140,35,Saturday,4,2.000
1601,1601,0,2,130,37,Saturday,4,1.757
1602,1602,0,3,90,21,Saturday,4,2.143
1603,1603,1,2,100,21,Saturday,4,2.381
1604,1604,1,7,100,32,Saturday,4,1.562
1605,1605,2,5,60,20,Saturday,4,1.500
1606,1606,3,4,90,29,Saturday,4,1.552
1607,1607,3,10,60,20,Saturday,4,1.500
1608,1608,4,5,110,18,Saturday,4,3.056
1609,1609,4,6,70,20,Saturday,4,1.750
1610,1610,5,8,90,17,Saturday,4,2.647
1611,1611,5,12,90,29,Saturday,4,1.552
1612,1612,6,7,60,11,Saturday,4,2.727
1613,1613,7,9,70,13,Saturday,4,2.692
1614,1614,8,9,110,13,Saturday,4,4.231
1615,1615,9,11,90,27,Saturday,4,1.667
1616,1616,9,13,120,19,Saturday,4,3.158
1617,1617,10,11,50,17,Saturday,4,1.471
1618,1618,10,13,100,37,Saturday,4,1.351
1619,1619,11,12,90,25,Saturday,4,1.800
1620,1620,0,1,90,15,Saturday,6,3.000
1621,1621,0,2,50,15,Saturday,6,1.667
1622,1622,0,3,130,22,Saturday,6,2.955
1623,1623,1,2,60,14,Saturday,6,2.143
1624,1624,1,7,60,19,Saturday,6,1.579
1625,1625,2,5,110,34,Saturday,6,1.618
1626,1626,3,4,110,21,Saturday,6,2.619
1627,1627,3,10,110,20,Saturday,6,2.750
1628,1628,4,5,140,52,Saturday,6,1.346
1629,1629,4,6,50,13,Saturday,6,1.923
1630,1630,5,8,140,40,Saturday,6,1.750
1631,1631,5,12,130,35,Saturday,6,1.857
1632,1632,6,7,70,9,Saturday,6,3.889
1633,1633,7,9,60,22,Saturday,6,1.364
1634,1634,8,9,120,36,Saturday,6,1.667
1635,1635,9,11,130,24,Saturday,6,2.708
1636,1636,9,13,50,14,Saturday,6,1.786
1637,1637,10,11,90,9,Saturday,6,5.000
1638,1638,10,13,130,51,Saturday,6,1.275
1639,1639,11,12,90,18,Saturday,6,2.500
1640,1640,0,1,100,23,Saturday,8,2.174
1641,1641,0,2,60,23,Saturday,8,1.304
1642,1642,0,3,140,34,Saturday,8,2.059
1643,1643,1,2,90,17,Saturday,8,2.647
1644,1644,1,7,110,39,Saturday,8,1.410
1645,1645,2,5,50,13,Saturday,8,1.923
1646,1646,3,4,130,19,Saturday,8,3.421
1647,1647,3,10,80,8,Saturday,8,5.000
1648,1648,4,5,70,8,Saturday,8,4.375
1649,1649,4,6,100,25,Saturday,8,2.000
1650,1650,5,8,130,36,Saturday,8,1.806
1651,1651,5,12,60,7,Saturday,8,4.286
1652,1652,6,7,70,9,Saturday,8,3.889
1653,1653,7,9,110,37,Saturday,8,1.486
1654,1654,8,9,80,12,Saturday,8,3.333
1655,1655,9,11,100,30,Saturday,8,1.667
1656,1656,9,13,120,22,Saturday,8,2.727
1657,1657,10,11,60,15,Saturday,8,2.000
1658,1658,10,13,120,27,Saturday,8,2.222
1659,1659,11,12,100,28,Saturday,8,1.786
1660,1660,0,1,130,72,Saturday,10,0.903
1661,1661,0,2,80,41,Saturday,10,0.976
1662,1662,0,3,80,38,Saturday,10,1.053
1663,1663,1,2,60,24,Saturday,10,1.250
1664,1664,1,7,60,34,Saturday,10,0.882
1665,1665,2,5,100,41,Saturday,10,1.220
1666,1666,3,4,60,31,Saturday,10,0.968
1667,1667,3,10,130,57,Saturday,10,1.140
1668,1668,4,5,90,51,Saturday,10,0.882
1669,1669,4,6,100,51,Saturday,10,0.980
1670,1670,5,8,80,46,Saturday,10,0.870
1671,1671,5,12,100,47,Saturday,10,1.064
1672,1672,6,7,110,39,Saturday,10,1.410
1673,1673,7,9,50,24,Saturday,10,1.042
1674,1674,8,9,100,33,Saturday,10,1.515
1675,1675,9,11,50,29,Saturday,10,0.862
1676,1676,9,13,100,30,Saturday,10,1.667
1677,1677,10,11,60,35,Saturday,10,0.857
1678,1678,10,13,60,20,Saturday,10,1.500
1679,1679,11,12,130,55,Saturday,10,1.182
1680,1680,0,1,60,26,Saturday,12,1.154
1681,1681,0,2,100,33,Saturday,12,1.515
1682,1682,0,3,50,19,Saturday,12,1.316
1683,1683,1,2,140,59,Saturday,12,1.186
1684,1684,1,7,50,21,Saturday,12,1.190
1685,1685,2,5,120,71,Saturday,12,0.845
1686,1686,3,4,70,37,Saturday,12,0.946
1687,1687,3,10,100,39,Saturday,12,1.282
1688,1688,4,5,130,70,Saturday,12,0.929
1689,1689,4,6,90,51,Saturday,12,0.882
1690,1690,5,8,140,44,Saturday,12,1.591
1691,1691,5,12,140,63,Saturday,12,1.111
1692,1692,6,7,80,25,Saturday,12,1.600
1693,1693,7,9,110,57,Saturday,12,0.965
1694,1694,8,9,110,48,Saturday,12,1.146
1695,1695,9,11,110,50,Saturday,12,1.100
1696,1696,9,13,110,56,Saturday,12,0.982
1697,1697,10,11,140,57,Saturday,12,1.228
1698,1698,10,13,60,28,Saturday,12,1.071
1699,1699,11,12,130,66,Saturday,12,0.985
1700,1700,0,1,100,47,Saturday,14,1.064
1701,1701,0,2,70,41,Saturday,14,0.854
1702,1702,0,3,140,46,Saturday,14,1.522
1703,1703,1,2,100,48,Saturday,14,1.042
1704,1704,1,7,100,40,Saturday,14,1.250
1705,1705,2,5,60,25,Saturday,14,1.200
1706,1706,3,4,120,69,Saturday,14,0.870
1707,1707,3,10,130,75,Saturday,14,0.867
1708,1708,4,5,80,25,Saturday,14,1.600
1709,1709,4,6,60,26,Saturday,14,1.154
1710,1710,5,8,50,19,Saturday,14,1.316
1711,1711,5,12,130,58,Saturday,14,1.121
1712,1712,6,7,60,21,Saturday,14,1.429
1713,1713,7,9,80,34,Saturday,14,1.176
1714,1714,8,9,50,26,Saturday,14,0.962
1715,1715,9,11,60,28,Saturday,14,1.071
1716,1716,9,13,60,32,Saturday,14,0.938
1717,1717,10,11,60,22,Saturday,14,1.364
1718,1718,10,13,90,29,Saturday,14,1.552
1719,1719,11,12,100,43,Saturday,14,1.163
1720,1720,0,1,50,23,Saturday,16,1.087
1721,1721,0,2,90,41,Saturday,16,1.098
1722,1722,0,3,90,41,Saturday,16,1.098
1723,1723,1,2,50,24,Saturday,16,1.042
1724,1724,1,7,80,47,Saturday,16,0.851
1725,1725,2,5,110,63,Saturday,16,0.873
1726,1726,3,4,50,19,Saturday,16,1.316
1727,1727,3,10,90,47,Saturday,16,0.957
1728,1728,4,5,100,31,Saturday,16,1.613
1729,1729,4,6,140,46,Saturday,16,1.522
1730,1730,5,8,60,34,Saturday,16,0.882
1731,1731,5,12,140,47,Saturday,16,1.489
1732,1732,6,7,60,28,Saturday,16,1.071
1733,1733,7,9,90,41,Saturday,16,1.098
1734,1734,8,9,60,28,Saturday,16,1.071
1735,1735,9,11,80,34,Saturday,16,1.176
1736,1736,9,13,130,49,Saturday,16,1.327
1737,1737,10,11,60,18,Saturday,16,1.667
1738,1738,10,13,50,26,Saturday,16,0.962
1739,1739,11,12,60,27,Saturday,16,1.111
1740,1740,0,1,80,34,Saturday,18,1.176
1741,1741,0,2,110,61,Saturday,18,0.902
1742,1742,0,3,100,44,Saturday,18,1.136
1743,1743,1,2,140,83,Saturday,18,0.843
1744,1744,1,7,120,48,Saturday,18,1.250
1745,1745,2,5,140,76,Saturday,18,0.921
1746,1746,3,4,50,18,Saturday,18,1.389
1747,1747,3,10,50,20,Saturday,18,1.250
1748,1748,4,5,100,30,Saturday,18,1.667
1749,1749,4,6,130,72,Saturday,18,0.903
1750,1750,5,8,140,55,Saturday,18,1.273
1751,1751,5,12,90,44,Saturday,18,1.023
1752,1752,6,7,90,45,Saturday,18,1.000
1753,1753,7,9,100,30,Saturday,18,1.667
1754,1754,8,9,60,22,Saturday,18,1.364
1755,1755,9,11,60,27,Saturday,18,1.111
1756,1756,9,13,100,41,Saturday,18,1.220
1757,1757,10,11,70,30,Saturday,18,1.167
1758,1758,10,13,130,74,Saturday,18,0.878
1759,1759,11,12,80,37,Saturday,18,1.081
1760,1760,0,1,90,19,Saturday,20,2.368
1761,1761,0,2,90,22,Saturday,20,2.045
1762,1762,0,3,70,19,Saturday,20,1.842
1763,1763,1,2,90,26,Saturday,20,1.731
1764,1764,1,7,140,41,Saturday,20,1.707
1765,1765,2,5,50,6,Saturday,20,4.167
1766,1766,3,4,80,10,Saturday,20,4.000
1767,1767,3,10,80,13,Saturday,20,3.077
1768,1768,4,5,50,8,Saturday,20,3.125
1769,1769,4,6,110,40,Saturday,20,1.375
1770,1770,5,8,120,12,Saturday,20,5.000
1771,1771,5,12,50,13,Saturday,20,1.923
1772,1772,6,7,120,37,Saturday,20,1.622
1773,1773,7,9,140,34,Saturday,20,2.059
1774,1774,8,9,70,13,Saturday,20,2.692
1775,1775,9,11,70,26,Saturday,20,1.346
1776,1776,9,13,140,49,Saturday,20,1.429
1777,1777,10,11,130,20,Saturday,20,3.250
1778,1778,10,13,50,15,Saturday,20,1.667
1779,1779,11,12,100,12,Saturday,20,4.167
1780,1780,0,1,80,23,Saturday,22,1.739
1781,1781,0,2,70,15,Saturday,22,2.333
1782,1782,0,3,110,14,Saturday,22,3.929
1783,1783,1,2,60,10,Saturday,22,3.000
1784,1784,1,7,80,18,Saturday,22,2.222
1785,1785,2,5,100,17,Saturday,22,2.941
1786,1786,3,4,130,21,Saturday,22,3.095
1787,1787,3,10,130,41,Saturday,22,1.585
1788,1788,4,5,70,27,Saturday,22,1.296
1789,1789,4,6,70,24,Saturday,22,1.458
1790,1790,5,8,110,27,Saturday,22,2.037
1791,1791,5,12,60,22,Saturday,22,1.364
1792,1792,6,7,120,27,Saturday,22,2.222
1793,1793,7,9,120,22,Saturday,22,2.727
1794,1794,8,9,70,20,Saturday,22,1.750
1795,1795,9,11,130,31,Saturday,22,2.097
1796,1796,9,13,80,11,Saturday,22,3.636
1797,1797,10,11,50,15,Saturday,22,1.667
1798,1798,10,13,50,11,Saturday,22,2.273
1799,1799,11,12,120,45,Saturday,22,1.333
1800,1800,0,1,140,50,Saturday,24,1.400
1801,1801,0,2,90,15,Saturday,24,3.000
1802,1802,0,3,140,55,Saturday,24,1.273
1803,1803,1,2,90,10,Saturday,24,4.500
1804,1804,1,7,50,6,Saturday,24,4.167
1805,1805,2,5,130,19,Saturday,24,3.421
1806,1806,3,4,130,47,Saturday,24,1.383
1807,1807,3,10,120,23,Saturday,24,2.609
1808,1808,4,5,70,8,Saturday,24,4.375
1809,1809,4,6,70,8,Saturday,24,4.375
1810,1810,5,8,60,8,Saturday,24,3.750
1811,1811,5,12,110,42,Saturday,24,1.310
1812,1812,6,7,110,23,Saturday,24,2.391
1813,1813,7,9,60,22,Saturday,24,1.364
1814,1814,8,9,70,10,Saturday,24,3.500
1815,1815,9,11,120,35,Saturday,24,1.714
1816,1816,9,13,70,15,Saturday,24,2.333
1817,1817,10,11,140,52,Saturday,24,1.346
1818,1818,10,13,110,22,Saturday,24,2.500
1819,1819,11,12,110,21,Saturday,24,2.619
