ID,EP1,EP2,Bandwidth,PacketsFlowing(1Kb),DayOfTheWeek,TimeHour
0,0,1,80,22,Sunday,0
1,0,2,80,19,Sunday,0
2,0,3,70,7,Sunday,0
3,1,2,60,8,Sunday,0
4,1,7,110,12,Sunday,0
5,2,5,90,13,Sunday,0
6,3,4,50,19,Sunday,0
7,3,10,140,47,Sunday,0
8,4,5,50,11,Sunday,0
9,4,6,50,16,Sunday,0
10,5,8,60,10,Sunday,0
11,5,12,50,19,Sunday,0
12,6,7,140,33,Sunday,0
13,7,9,60,14,Sunday,0
14,8,9,100,22,Sunday,0
15,9,11,90,11,Sunday,0
16,9,13,70,12,Sunday,0
17,10,11,90,13,Sunday,0
18,10,13,70,9,Sunday,0
19,11,12,130,15,Sunday,0
20,0,1,90,15,Sunday,2
21,0,2,80,28,Sunday,2
22,0,3,110,32,Sunday,2
23,1,2,90,22,Sunday,2
24,1,7,120,40,Sunday,2
25,2,5,140,25,Sunday,2
26,3,4,120,25,Sunday,2
27,3,10,120,12,Sunday,2
28,4,5,130,45,Sunday,2
29,4,6,80,27,Sunday,2
30,5,8,80,16,Sunday,2
31,5,12,130,32,Sunday,2
32,6,7,120,17,Sunday,2
33,7,9,60,10,Sunday,2
34,8,9,80,14,Sunday,2
35,9,11,50,9,Sunday,2
36,9,13,140,40,Sunday,2
37,10,11,90,27,Sunday,2
38,10,13,100,37,Sunday,2
39,11,12,60,12,Sunday,2
40,0,1,90,29,Sunday,4
41,0,2,140,51,Sunday,4
42,0,3,130,19,Sunday,4
43,1,2,140,32,Sunday,4
44,1,7,80,27,Sunday,4
45,2,5,110,12,Sunday,4
46,3,4,60,22,Sunday,4
47,3,10,120,36,Sunday,4
48,4,5,110,21,Sunday,4
49,4,6,120,38,Sunday,4
50,5,8,100,24,Sunday,4
51,5,12,60,17,Sunday,4
52,6,7,100,31,Sunday,4
53,7,9,140,34,Sunday,4
54,8,9,100,15,Sunday,4
55,9,11,120,17,Sunday,4
56,9,13,140,33,Sunday,4
57,10,11,100,22,Sunday,4
58,10,13,50,8,Sunday,4
59,11,12,110,32,Sunday,4
60,0,1,70,14,Sunday,6
61,0,2,130,34,Sunday,6
62,0,3,140,26,Sunday,6
63,1,2,110,40,Sunday,6
64,1,7,120,22,Sunday,6
65,2,5,90,18,Sunday,6
66,3,4,90,32,Sunday,6
67,3,10,90,34,Sunday,6
68,4,5,60,20,Sunday,6
69,4,6,80,19,Sunday,6
70,5,8,70,16,Sunday,6
71,5,12,70,25,Sunday,6
72,6,7,110,18,Sunday,6
73,7,9,80,20,Sunday,6
74,8,9,140,14,Sunday,6
75,9,11,80,28,Sunday,6
76,9,13,50,10,Sunday,6
77,10,11,50,15,Sunday,6
78,10,13,50,11,Sunday,6
79,11,12,70,25,Sunday,6
80,0,1,100,22,Sunday,8
81,0,2,70,27,Sunday,8
82,0,3,120,30,Sunday,8
83,1,2,90,21,Sunday,8
84,1,7,50,7,Sunday,8
85,2,5,50,18,Sunday,8
86,3,4,50,16,Sunday,8
87,3,10,100,38,Sunday,8
88,4,5,120,40,Sunday,8
89,4,6,100,10,Sunday,8
90,5,8,60,6,Sunday,8
91,5,12,140,28,Sunday,8
92,6,7,120,36,Sunday,8
93,7,9,120,26,Sunday,8
94,8,9,110,43,Sunday,8
95,9,11,70,21,Sunday,8
96,9,13,140,32,Sunday,8
97,10,11,140,16,Sunday,8
98,10,13,120,22,Sunday,8
99,11,12,100,21,Sunday,8
100,0,1,100,34,Sunday,10
101,0,2,80,25,Sunday,10
102,0,3,50,18,Sunday,10
103,1,2,130,64,Sunday,10
104,1,7,100,53,Sunday,10
105,2,5,70,24,Sunday,10
106,3,4,50,19,Sunday,10
107,3,10,90,47,Sunday,10
108,4,5,140,56,Sunday,10
109,4,6,130,44,Sunday,10
110,5,8,100,59,Sunday,10
111,5,12,140,48,Sunday,10
112,6,7,60,27,Sunday,10
113,7,9,100,50,Sunday,10
114,8,9,110,40,Sunday,10
115,9,11,140,81,Sunday,10
116,9,13,110,40,Sunday,10
117,10,11,110,43,Sunday,10
118,10,13,120,66,Sunday,10
119,11,12,70,26,Sunday,10
120,0,1,100,43,Sunday,12
121,0,2,50,19,Sunday,12
122,0,3,90,35,Sunday,12
123,1,2,50,24,Sunday,12
124,1,7,80,44,Sunday,12
125,2,5,50,19,Sunday,12
126,3,4,90,38,Sunday,12
127,3,10,90,30,Sunday,12
128,4,5,140,67,Sunday,12
129,4,6,50,22,Sunday,12
130,5,8,70,39,Sunday,12
131,5,12,140,52,Sunday,12
132,6,7,100,36,Sunday,12
133,7,9,140,57,Sunday,12
134,8,9,50,26,Sunday,12
135,9,11,100,35,Sunday,12
136,9,13,60,21,Sunday,12
137,10,11,80,47,Sunday,12
138,10,13,110,60,Sunday,12
139,11,12,130,49,Sunday,12
140,0,1,80,37,Sunday,14
141,0,2,60,27,Sunday,14
142,0,3,110,64,Sunday,14
143,1,2,120,50,Sunday,14
144,1,7,80,46,Sunday,14
145,2,5,80,30,Sunday,14
146,3,4,120,60,Sunday,14
147,3,10,90,36,Sunday,14
148,4,5,60,34,Sunday,14
149,4,6,80,44,Sunday,14
150,5,8,70,37,Sunday,14
151,5,12,130,41,Sunday,14
152,6,7,100,49,Sunday,14
153,7,9,50,16,Sunday,14
154,8,9,100,59,Sunday,14
155,9,11,110,43,Sunday,14
156,9,13,90,38,Sunday,14
157,10,11,110,47,Sunday,14
158,10,13,80,40,Sunday,14
159,11,12,130,76,Sunday,14
160,0,1,90,51,Sunday,16
161,0,2,140,67,Sunday,16
162,0,3,130,59,Sunday,16
163,1,2,110,42,Sunday,16
164,1,7,60,24,Sunday,16
165,2,5,80,37,Sunday,16
166,3,4,80,36,Sunday,16
167,3,10,80,34,Sunday,16
168,4,5,100,36,Sunday,16
169,4,6,90,47,Sunday,16
170,5,8,80,29,Sunday,16
171,5,12,50,26,Sunday,16
172,6,7,50,26,Sunday,16
173,7,9,90,46,Sunday,16
174,8,9,110,51,Sunday,16
175,9,11,80,44,Sunday,16
176,9,13,130,49,Sunday,16
177,10,11,70,34,Sunday,16
178,10,13,60,35,Sunday,16
179,11,12,60,27,Sunday,16
180,0,1,130,42,Sunday,18
181,0,2,140,76,Sunday,18
182,0,3,120,64,Sunday,18
183,1,2,140,79,Sunday,18
184,1,7,120,71,Sunday,18
185,2,5,120,58,Sunday,18
186,3,4,60,31,Sunday,18
187,3,10,80,33,Sunday,18
188,4,5,80,45,Sunday,18
189,4,6,140,61,Sunday,18
190,5,8,60,18,Sunday,18
191,5,12,80,29,Sunday,18
192,6,7,100,53,Sunday,18
193,7,9,50,25,Sunday,18
194,8,9,80,35,Sunday,18
195,9,11,120,38,Sunday,18
196,9,13,70,34,Sunday,18
197,10,11,130,45,Sunday,18
198,10,13,100,36,Sunday,18
199,11,12,140,45,Sunday,18
200,0,1,140,27,Sunday,20
201,0,2,80,11,Sunday,20
202,0,3,120,26,Sunday,20
203,1,2,120,34,Sunday,20
204,1,7,90,30,Sunday,20
205,2,5,90,20,Sunday,20
206,3,4,80,19,Sunday,20
207,3,10,80,18,Sunday,20
208,4,5,50,11,Sunday,20
209,4,6,110,36,Sunday,20
210,5,8,130,32,Sunday,20
211,5,12,80,28,Sunday,20
212,6,7,70,22,Sunday,20
213,7,9,80,30,Sunday,20
214,8,9,120,35,Sunday,20
215,9,11,60,14,Sunday,20
216,9,13,70,23,Sunday,20
217,10,11,130,33,Sunday,20
218,10,13,80,11,Sunday,20
219,11,12,80,19,Sunday,20
220,0,1,140,39,Sunday,22
221,0,2,70,27,Sunday,22
222,0,3,120,45,Sunday,22
223,1,2,80,28,Sunday,22
224,1,7,140,55,Sunday,22
225,2,5,120,33,Sunday,22
226,3,4,100,18,Sunday,22
227,3,10,130,49,Sunday,22
228,4,5,70,12,Sunday,22
229,4,6,100,27,Sunday,22
230,5,8,80,9,Sunday,22
231,5,12,100,14,Sunday,22
232,6,7,120,26,Sunday,22
233,7,9,50,12,Sunday,22
234,8,9,100,28,Sunday,22
235,9,11,50,11,Sunday,22
236,9,13,50,17,Sunday,22
237,10,11,60,21,Sunday,22
238,10,13,130,45,Sunday,22
239,11,12,110,19,Sunday,22
240,0,1,70,12,Sunday,24
241,0,2,130,28,Sunday,24
242,0,3,70,17,Sunday,24
243,1,2,60,19,Sunday,24
244,1,7,90,21,Sunday,24
245,2,5,100,34,Sunday,24
246,3,4,140,28,Sunday,24
247,3,10,100,26,Sunday,24
248,4,5,50,16,Sunday,24
249,4,6,90,18,Sunday,24
250,5,8,110,11,Sunday,24
251,5,12,130,49,Sunday,24
252,6,7,70,17,Sunday,24
253,7,9,60,16,Sunday,24
254,8,9,130,48,Sunday,24
255,9,11,140,16,Sunday,24
256,9,13,100,36,Sunday,24
257,10,11,130,47,Sunday,24
258,10,13,110,17,Sunday,24
259,11,12,140,37,Sunday,24
260,0,1,80,45,Monday,0
261,0,2,50,28,Monday,0
262,0,3,100,69,Monday,0
263,1,2,140,107,Monday,0
264,1,7,130,96,Monday,0
265,2,5,140,110,Monday,0
266,3,4,50,36,Monday,0
267,3,10,140,86,Monday,0
268,4,5,110,74,Monday,0
269,4,6,90,63,Monday,0
270,5,8,90,59,Monday,0
271,5,12,120,70,Monday,0
272,6,7,140,97,Monday,0
273,7,9,120,62,Monday,0
274,8,9,90,50,Monday,0
275,9,11,90,69,Monday,0
276,9,13,130,67,Monday,0
277,10,11,140,80,Monday,0
278,10,13,100,52,Monday,0
279,11,12,120,67,Monday,0
280,0,1,140,76,Monday,2
281,0,2,120,68,Monday,2
282,0,3,90,62,Monday,2
283,1,2,140,96,Monday,2
284,1,7,120,85,Monday,2
285,2,5,110,57,Monday,2
286,3,4,140,109,Monday,2
287,3,10,50,31,Monday,2
288,4,5,80,44,Monday,2
289,4,6,60,37,Monday,2
290,5,8,120,79,Monday,2
291,5,12,140,107,Monday,2
292,6,7,120,66,Monday,2
293,7,9,100,51,Monday,2
294,8,9,50,38,Monday,2
295,9,11,90,57,Monday,2
296,9,13,110,69,Monday,2
297,10,11,60,44,Monday,2
298,10,13,60,30,Monday,2
299,11,12,130,92,Monday,2
300,0,1,70,55,Monday,4
301,0,2,100,52,Monday,4
302,0,3,90,70,Monday,4
303,1,2,100,76,Monday,4
304,1,7,130,97,Monday,4
305,2,5,60,30,Monday,4
306,3,4,120,91,Monday,4
307,3,10,50,35,Monday,4
308,4,5,90,46,Monday,4
309,4,6,60,36,Monday,4
310,5,8,130,77,Monday,4
311,5,12,140,97,Monday,4
312,6,7,130,91,Monday,4
313,7,9,70,37,Monday,4
314,8,9,80,41,Monday,4
315,9,11,50,30,Monday,4
316,9,13,140,82,Monday,4
317,10,11,100,67,Monday,4
318,10,13,50,32,Monday,4
319,11,12,130,69,Monday,4
320,0,1,130,94,Monday,6
321,0,2,50,35,Monday,6
322,0,3,100,71,Monday,6
323,1,2,140,102,Monday,6
324,1,7,90,63,Monday,6
325,2,5,100,79,Monday,6
326,3,4,80,63,Monday,6
327,3,10,70,36,Monday,6
328,4,5,90,51,Monday,6
329,4,6,130,75,Monday,6
330,5,8,70,49,Monday,6
331,5,12,110,58,Monday,6
332,6,7,50,39,Monday,6
333,7,9,80,44,Monday,6
334,8,9,130,87,Monday,6
335,9,11,140,99,Monday,6
336,9,13,110,63,Monday,6
337,10,11,80,49,Monday,6
338,10,13,80,63,Monday,6
339,11,12,100,68,Monday,6
340,0,1,120,72,Monday,8
341,0,2,130,102,Monday,8
342,0,3,140,84,Monday,8
343,1,2,100,68,Monday,8
344,1,7,90,60,Monday,8
345,2,5,50,28,Monday,8
346,3,4,140,84,Monday,8
347,3,10,70,49,Monday,8
348,4,5,140,79,Monday,8
349,4,6,110,68,Monday,8
350,5,8,140,94,Monday,8
351,5,12,80,63,Monday,8
352,6,7,50,28,Monday,8
353,7,9,50,39,Monday,8
354,8,9,100,50,Monday,8
355,9,11,130,71,Monday,8
356,9,13,90,45,Monday,8
357,10,11,80,53,Monday,8
358,10,13,50,34,Monday,8
359,11,12,90,46,Monday,8
360,0,1,60,58,Monday,10
361,0,2,130,109,Monday,10
362,0,3,110,87,Monday,10
363,1,2,130,102,Monday,10
364,1,7,50,43,Monday,10
365,2,5,60,51,Monday,10
366,3,4,110,99,Monday,10
367,3,10,120,111,Monday,10
368,4,5,70,58,Monday,10
369,4,6,50,39,Monday,10
370,5,8,80,60,Monday,10
371,5,12,100,96,Monday,10
372,6,7,90,71,Monday,10
373,7,9,60,57,Monday,10
374,8,9,60,42,Monday,10
375,9,11,110,100,Monday,10
376,9,13,120,117,Monday,10
377,10,11,80,67,Monday,10
378,10,13,60,57,Monday,10
379,11,12,90,69,Monday,10
380,0,1,140,139,Monday,12
381,0,2,100,98,Monday,12
382,0,3,60,44,Monday,12
383,1,2,120,115,Monday,12
384,1,7,110,89,Monday,12
385,2,5,100,87,Monday,12
386,3,4,100,79,Monday,12
387,3,10,120,114,Monday,12
388,4,5,120,106,Monday,12
389,4,6,50,44,Monday,12
390,5,8,70,49,Monday,12
391,5,12,80,60,Monday,12
392,6,7,80,56,Monday,12
393,7,9,80,61,Monday,12
394,8,9,100,82,Monday,12
395,9,11,120,92,Monday,12
396,9,13,130,101,Monday,12
397,10,11,80,68,Monday,12
398,10,13,110,99,Monday,12
399,11,12,50,49,Monday,12
400,0,1,60,53,Monday,14
401,0,2,70,50,Monday,14
402,0,3,50,35,Monday,14
403,1,2,100,97,Monday,14
404,1,7,100,82,Monday,14
405,2,5,120,84,Monday,14
406,3,4,100,82,Monday,14
407,3,10,110,90,Monday,14
408,4,5,110,104,Monday,14
409,4,6,70,62,Monday,14
410,5,8,130,115,Monday,14
411,5,12,90,80,Monday,14
412,6,7,130,95,Monday,14
413,7,9,60,46,Monday,14
414,8,9,80,71,Monday,14
415,9,11,140,119,Monday,14
416,9,13,80,59,Monday,14
417,10,11,110,105,Monday,14
418,10,13,70,53,Monday,14
419,11,12,110,107,Monday,14
420,0,1,90,85,Monday,16
421,0,2,50,47,Monday,16
422,0,3,90,88,Monday,16
423,1,2,110,96,Monday,16
424,1,7,130,126,Monday,16
425,2,5,80,76,Monday,16
426,3,4,140,139,Monday,16
427,3,10,110,82,Monday,16
428,4,5,60,47,Monday,16
429,4,6,130,127,Monday,16
430,5,8,120,104,Monday,16
431,5,12,90,72,Monday,16
432,6,7,130,127,Monday,16
433,7,9,60,44,Monday,16
434,8,9,90,68,Monday,16
435,9,11,110,91,Monday,16
436,9,13,60,51,Monday,16
437,10,11,110,92,Monday,16
438,10,13,60,49,Monday,16
439,11,12,60,55,Monday,16
440,0,1,120,84,Monday,18
441,0,2,50,49,Monday,18
442,0,3,60,59,Monday,18
443,1,2,110,86,Monday,18
444,1,7,100,70,Monday,18
445,2,5,80,67,Monday,18
446,3,4,50,49,Monday,18
447,3,10,80,56,Monday,18
448,4,5,60,54,Monday,18
449,4,6,50,44,Monday,18
450,5,8,90,88,Monday,18
451,5,12,140,113,Monday,18
452,6,7,120,99,Monday,18
453,7,9,140,133,Monday,18
454,8,9,90,69,Monday,18
455,9,11,100,81,Monday,18
456,9,13,130,126,Monday,18
457,10,11,60,44,Monday,18
458,10,13,90,68,Monday,18
459,11,12,110,108,Monday,18
460,0,1,50,33,Monday,20
461,0,2,50,34,Monday,20
462,0,3,100,77,Monday,20
463,1,2,120,94,Monday,20
464,1,7,50,29,Monday,20
465,2,5,50,30,Monday,20
466,3,4,140,75,Monday,20
467,3,10,120,90,Monday,20
468,4,5,70,46,Monday,20
469,4,6,130,88,Monday,20
470,5,8,50,30,Monday,20
471,5,12,80,60,Monday,20
472,6,7,110,87,Monday,20
473,7,9,130,98,Monday,20
474,8,9,130,88,Monday,20
475,9,11,130,79,Monday,20
476,9,13,70,38,Monday,20
477,10,11,130,80,Monday,20
478,10,13,140,80,Monday,20
479,11,12,70,37,Monday,20
480,0,1,130,92,Monday,22
481,0,2,90,70,Monday,22
482,0,3,50,27,Monday,22
483,1,2,130,103,Monday,22
484,1,7,80,49,Monday,22
485,2,5,60,47,Monday,22
486,3,4,110,66,Monday,22
487,3,10,90,71,Monday,22
488,4,5,120,90,Monday,22
489,4,6,120,67,Monday,22
490,5,8,50,26,Monday,22
491,5,12,50,32,Monday,22
492,6,7,130,100,Monday,22
493,7,9,110,82,Monday,22
494,8,9,120,94,Monday,22
495,9,11,70,42,Monday,22
496,9,13,70,49,Monday,22
497,10,11,50,26,Monday,22
498,10,13,80,57,Monday,22
499,11,12,60,30,Monday,22
500,0,1,110,83,Monday,24
501,0,2,60,36,Monday,24
502,0,3,140,94,Monday,24
503,1,2,140,82,Monday,24
504,1,7,50,37,Monday,24
505,2,5,120,92,Monday,24
506,3,4,130,67,Monday,24
507,3,10,60,30,Monday,24
508,4,5,80,47,Monday,24
509,4,6,100,70,Monday,24
510,5,8,50,30,Monday,24
511,5,12,70,46,Monday,24
512,6,7,90,66,Monday,24
513,7,9,130,84,Monday,24
514,8,9,130,93,Monday,24
515,9,11,120,62,Monday,24
516,9,13,50,35,Monday,24
517,10,11,110,74,Monday,24
518,10,13,140,85,Monday,24
519,11,12,130,77,Monday,24
520,0,1,140,100,Tuesday,0
521,0,2,70,44,Tuesday,0
522,0,3,130,84,Tuesday,0
523,1,2,130,83,Tuesday,0
524,1,7,60,37,Tuesday,0
525,2,5,100,58,Tuesday,0
526,3,4,140,101,Tuesday,0
527,3,10,50,32,Tuesday,0
528,4,5,50,34,Tuesday,0
529,4,6,60,30,Tuesday,0
530,5,8,100,74,Tuesday,0
531,5,12,80,44,Tuesday,0
532,6,7,120,73,Tuesday,0
533,7,9,100,58,Tuesday,0
534,8,9,100,64,Tuesday,0
535,9,11,100,61,Tuesday,0
536,9,13,140,100,Tuesday,0
537,10,11,60,32,Tuesday,0
538,10,13,110,86,Tuesday,0
539,11,12,110,80,Tuesday,0
540,0,1,60,44,Tuesday,2
541,0,2,80,57,Tuesday,2
542,0,3,90,59,Tuesday,2
543,1,2,140,103,Tuesday,2
544,1,7,60,40,Tuesday,2
545,2,5,120,94,Tuesday,2
546,3,4,90,71,Tuesday,2
547,3,10,80,61,Tuesday,2
548,4,5,110,62,Tuesday,2
549,4,6,70,48,Tuesday,2
550,5,8,50,39,Tuesday,2
551,5,12,90,66,Tuesday,2
552,6,7,130,89,Tuesday,2
553,7,9,60,38,Tuesday,2
554,8,9,60,44,Tuesday,2
555,9,11,140,85,Tuesday,2
556,9,13,120,63,Tuesday,2
557,10,11,130,79,Tuesday,2
558,10,13,100,58,Tuesday,2
559,11,12,80,42,Tuesday,2
560,0,1,50,27,Tuesday,4
561,0,2,50,33,Tuesday,4
562,0,3,90,71,Tuesday,4
563,1,2,60,34,Tuesday,4
564,1,7,100,69,Tuesday,4
565,2,5,70,35,Tuesday,4
566,3,4,70,55,Tuesday,4
567,3,10,130,84,Tuesday,4
568,4,5,60,46,Tuesday,4
569,4,6,50,33,Tuesday,4
570,5,8,130,70,Tuesday,4
571,5,12,60,43,Tuesday,4
572,6,7,80,49,Tuesday,4
573,7,9,100,66,Tuesday,4
574,8,9,70,42,Tuesday,4
575,9,11,110,78,Tuesday,4
576,9,13,60,33,Tuesday,4
577,10,11,110,61,Tuesday,4
578,10,13,70,52,Tuesday,4
579,11,12,120,63,Tuesday,4
580,0,1,60,34,Tuesday,6
581,0,2,90,62,Tuesday,6
582,0,3,60,43,Tuesday,6
583,1,2,120,64,Tuesday,6
584,1,7,80,53,Tuesday,6
585,2,5,130,88,Tuesday,6
586,3,4,90,49,Tuesday,6
587,3,10,130,82,Tuesday,6
588,4,5,50,32,Tuesday,6
589,4,6,100,52,Tuesday,6
590,5,8,90,56,Tuesday,6
591,5,12,80,55,Tuesday,6
592,6,7,50,25,Tuesday,6
593,7,9,110,80,Tuesday,6
594,8,9,80,57,Tuesday,6
595,9,11,50,38,Tuesday,6
596,9,13,140,74,Tuesday,6
597,10,11,140,100,Tuesday,6
598,10,13,80,63,Tuesday,6
599,11,12,90,71,Tuesday,6
600,0,1,70,44,Tuesday,8
601,0,2,80,40,Tuesday,8
602,0,3,70,51,Tuesday,8
603,1,2,120,63,Tuesday,8
604,1,7,100,58,Tuesday,8
605,2,5,90,70,Tuesday,8
606,3,4,70,35,Tuesday,8
607,3,10,50,26,Tuesday,8
608,4,5,110,73,Tuesday,8
609,4,6,110,79,Tuesday,8
610,5,8,50,37,Tuesday,8
611,5,12,100,72,Tuesday,8
612,6,7,100,78,Tuesday,8
613,7,9,140,106,Tuesday,8
614,8,9,130,95,Tuesday,8
615,9,11,80,41,Tuesday,8
616,9,13,130,65,Tuesday,8
617,10,11,100,64,Tuesday,8
618,10,13,120,92,Tuesday,8
619,11,12,140,73,Tuesday,8
620,0,1,120,91,Tuesday,10
621,0,2,130,108,Tuesday,10
622,0,3,70,63,Tuesday,10
623,1,2,70,53,Tuesday,10
624,1,7,110,94,Tuesday,10
625,2,5,90,63,Tuesday,10
626,3,4,110,77,Tuesday,10
627,3,10,60,59,Tuesday,10
628,4,5,120,112,Tuesday,10
629,4,6,140,138,Tuesday,10
630,5,8,50,45,Tuesday,10
631,5,12,50,37,Tuesday,10
632,6,7,140,124,Tuesday,10
633,7,9,100,98,Tuesday,10
634,8,9,60,59,Tuesday,10
635,9,11,60,45,Tuesday,10
636,9,13,120,117,Tuesday,10
637,10,11,50,44,Tuesday,10
638,10,13,90,65,Tuesday,10
639,11,12,80,59,Tuesday,10
640,0,1,90,63,Tuesday,12
641,0,2,80,76,Tuesday,12
642,0,3,90,63,Tuesday,12
643,1,2,70,61,Tuesday,12
644,1,7,140,131,Tuesday,12
645,2,5,80,67,Tuesday,12
646,3,4,90,79,Tuesday,12
647,3,10,70,68,Tuesday,12
648,4,5,60,43,Tuesday,12
649,4,6,80,56,Tuesday,12
650,5,8,100,79,Tuesday,12
651,5,12,70,53,Tuesday,12
652,6,7,50,40,Tuesday,12
653,7,9,100,91,Tuesday,12
654,8,9,70,64,Tuesday,12
655,9,11,60,44,Tuesday,12
656,9,13,120,118,Tuesday,12
657,10,11,50,37,Tuesday,12
658,10,13,80,70,Tuesday,12
659,11,12,90,73,Tuesday,12
660,0,1,90,64,Tuesday,14
661,0,2,140,134,Tuesday,14
662,0,3,70,65,Tuesday,14
663,1,2,60,51,Tuesday,14
664,1,7,100,81,Tuesday,14
665,2,5,130,119,Tuesday,14
666,3,4,110,88,Tuesday,14
667,3,10,70,52,Tuesday,14
668,4,5,50,47,Tuesday,14
669,4,6,60,52,Tuesday,14
670,5,8,100,96,Tuesday,14
671,5,12,100,94,Tuesday,14
672,6,7,60,53,Tuesday,14
673,7,9,60,57,Tuesday,14
674,8,9,60,51,Tuesday,14
675,9,11,70,65,Tuesday,14
676,9,13,80,69,Tuesday,14
677,10,11,90,81,Tuesday,14
678,10,13,100,94,Tuesday,14
679,11,12,80,65,Tuesday,14
680,0,1,140,116,Tuesday,16
681,0,2,70,56,Tuesday,16
682,0,3,50,42,Tuesday,16
683,1,2,100,76,Tuesday,16
684,1,7,100,72,Tuesday,16
685,2,5,90,69,Tuesday,16
686,3,4,130,99,Tuesday,16
687,3,10,50,43,Tuesday,16
688,4,5,100,73,Tuesday,16
689,4,6,60,44,Tuesday,16
690,5,8,120,99,Tuesday,16
691,5,12,80,74,Tuesday,16
692,6,7,130,115,Tuesday,16
693,7,9,70,54,Tuesday,16
694,8,9,80,58,Tuesday,16
695,9,11,70,62,Tuesday,16
696,9,13,80,79,Tuesday,16
697,10,11,60,48,Tuesday,16
698,10,13,50,36,Tuesday,16
699,11,12,60,47,Tuesday,16
700,0,1,110,97,Tuesday,18
701,0,2,70,57,Tuesday,18
702,0,3,50,39,Tuesday,18
703,1,2,110,104,Tuesday,18
704,1,7,140,126,Tuesday,18
705,2,5,70,52,Tuesday,18
706,3,4,50,38,Tuesday,18
707,3,10,100,93,Tuesday,18
708,4,5,100,74,Tuesday,18
709,4,6,130,110,Tuesday,18
710,5,8,120,93,Tuesday,18
711,5,12,50,46,Tuesday,18
712,6,7,70,60,Tuesday,18
713,7,9,70,66,Tuesday,18
714,8,9,90,71,Tuesday,18
715,9,11,60,49,Tuesday,18
716,9,13,50,47,Tuesday,18
717,10,11,70,53,Tuesday,18
718,10,13,60,50,Tuesday,18
719,11,12,60,48,Tuesday,18
720,0,1,130,79,Tuesday,20
721,0,2,140,76,Tuesday,20
722,0,3,70,41,Tuesday,20
723,1,2,80,55,Tuesday,20
724,1,7,110,72,Tuesday,20
725,2,5,90,71,Tuesday,20
726,3,4,140,97,Tuesday,20
727,3,10,90,69,Tuesday,20
728,4,5,110,74,Tuesday,20
729,4,6,100,57,Tuesday,20
730,5,8,110,56,Tuesday,20
731,5,12,120,79,Tuesday,20
732,6,7,60,46,Tuesday,20
733,7,9,80,56,Tuesday,20
734,8,9,140,107,Tuesday,20
735,9,11,60,32,Tuesday,20
736,9,13,100,54,Tuesday,20
737,10,11,110,69,Tuesday,20
738,10,13,50,37,Tuesday,20
739,11,12,80,57,Tuesday,20
740,0,1,130,93,Tuesday,22
741,0,2,50,26,Tuesday,22
742,0,3,60,33,Tuesday,22
743,1,2,120,71,Tuesday,22
744,1,7,50,37,Tuesday,22
745,2,5,100,57,Tuesday,22
746,3,4,90,65,Tuesday,22
747,3,10,100,68,Tuesday,22
748,4,5,100,74,Tuesday,22
749,4,6,70,45,Tuesday,22
750,5,8,140,97,Tuesday,22
751,5,12,140,110,Tuesday,22
752,6,7,70,46,Tuesday,22
753,7,9,70,44,Tuesday,22
754,8,9,130,92,Tuesday,22
755,9,11,60,39,Tuesday,22
756,9,13,110,77,Tuesday,22
757,10,11,60,45,Tuesday,22
758,10,13,120,63,Tuesday,22
759,11,12,80,56,Tuesday,22
760,0,1,110,70,Tuesday,24
761,0,2,140,78,Tuesday,24
762,0,3,60,37,Tuesday,24
763,1,2,130,76,Tuesday,24
764,1,7,100,72,Tuesday,24
765,2,5,110,84,Tuesday,24
766,3,4,90,68,Tuesday,24
767,3,10,130,102,Tuesday,24
768,4,5,80,45,Tuesday,24
769,4,6,100,72,Tuesday,24
770,5,8,60,41,Tuesday,24
771,5,12,90,51,Tuesday,24
772,6,7,70,36,Tuesday,24
773,7,9,60,39,Tuesday,24
774,8,9,130,81,Tuesday,24
775,9,11,130,73,Tuesday,24
776,9,13,110,78,Tuesday,24
777,10,11,120,87,Tuesday,24
778,10,13,100,74,Tuesday,24
779,11,12,80,42,Tuesday,24
780,0,1,130,103,Wednesday,0
781,0,2,90,46,Wednesday,0
782,0,3,140,74,Wednesday,0
783,1,2,100,59,Wednesday,0
784,1,7,90,50,Wednesday,0
785,2,5,140,94,Wednesday,0
786,3,4,80,42,Wednesday,0
787,3,10,120,63,Wednesday,0
788,4,5,90,51,Wednesday,0
789,4,6,110,69,Wednesday,0
790,5,8,130,88,Wednesday,0
791,5,12,110,68,Wednesday,0
792,6,7,80,41,Wednesday,0
793,7,9,90,52,Wednesday,0
794,8,9,80,51,Wednesday,0
795,9,11,110,71,Wednesday,0
796,9,13,120,94,Wednesday,0
797,10,11,140,82,Wednesday,0
798,10,13,110,75,Wednesday,0
799,11,12,90,50,Wednesday,0
800,0,1,50,34,Wednesday,2
801,0,2,100,54,Wednesday,2
802,0,3,60,33,Wednesday,2
803,1,2,80,58,Wednesday,2
804,1,7,80,54,Wednesday,2
805,2,5,140,103,Wednesday,2
806,3,4,90,70,Wednesday,2
807,3,10,100,61,Wednesday,2
808,4,5,70,45,Wednesday,2
809,4,6,130,93,Wednesday,2
810,5,8,90,58,Wednesday,2
811,5,12,100,61,Wednesday,2
812,6,7,130,79,Wednesday,2
813,7,9,90,66,Wednesday,2
814,8,9,110,67,Wednesday,2
815,9,11,100,79,Wednesday,2
816,9,13,90,66,Wednesday,2
817,10,11,110,76,Wednesday,2
818,10,13,80,43,Wednesday,2
819,11,12,70,38,Wednesday,2
820,0,1,90,45,Wednesday,4
821,0,2,140,89,Wednesday,4
822,0,3,80,49,Wednesday,4
823,1,2,110,60,Wednesday,4
824,1,7,90,61,Wednesday,4
825,2,5,100,59,Wednesday,4
826,3,4,130,73,Wednesday,4
827,3,10,60,32,Wednesday,4
828,4,5,130,83,Wednesday,4
829,4,6,60,43,Wednesday,4
830,5,8,80,53,Wednesday,4
831,5,12,110,63,Wednesday,4
832,6,7,100,54,Wednesday,4
833,7,9,130,72,Wednesday,4
834,8,9,100,60,Wednesday,4
835,9,11,60,43,Wednesday,4
836,9,13,140,95,Wednesday,4
837,10,11,80,60,Wednesday,4
838,10,13,110,85,Wednesday,4
839,11,12,60,39,Wednesday,4
840,0,1,80,58,Wednesday,6
841,0,2,140,76,Wednesday,6
842,0,3,100,64,Wednesday,6
843,1,2,80,48,Wednesday,6
844,1,7,70,50,Wednesday,6
845,2,5,130,79,Wednesday,6
846,3,4,100,58,Wednesday,6
847,3,10,100,54,Wednesday,6
848,4,5,110,69,Wednesday,6
849,4,6,70,53,Wednesday,6
850,5,8,70,38,Wednesday,6
851,5,12,130,96,Wednesday,6
852,6,7,80,51,Wednesday,6
853,7,9,60,35,Wednesday,6
854,8,9,70,47,Wednesday,6
855,9,11,110,71,Wednesday,6
856,9,13,80,48,Wednesday,6
857,10,11,80,48,Wednesday,6
858,10,13,50,25,Wednesday,6
859,11,12,50,30,Wednesday,6
860,0,1,60,38,Wednesday,8
861,0,2,100,56,Wednesday,8
862,0,3,50,39,Wednesday,8
863,1,2,100,52,Wednesday,8
864,1,7,100,63,Wednesday,8
865,2,5,60,32,Wednesday,8
866,3,4,70,39,Wednesday,8
867,3,10,140,94,Wednesday,8
868,4,5,110,69,Wednesday,8
869,4,6,140,85,Wednesday,8
870,5,8,80,41,Wednesday,8
871,5,12,100,75,Wednesday,8
872,6,7,130,78,Wednesday,8
873,7,9,90,61,Wednesday,8
874,8,9,70,41,Wednesday,8
875,9,11,60,47,Wednesday,8
876,9,13,130,81,Wednesday,8
877,10,11,80,47,Wednesday,8
878,10,13,60,38,Wednesday,8
879,11,12,50,36,Wednesday,8
880,0,1,80,62,Wednesday,10
881,0,2,50,46,Wednesday,10
882,0,3,130,98,Wednesday,10
883,1,2,100,74,Wednesday,10
884,1,7,120,99,Wednesday,10
885,2,5,120,86,Wednesday,10
886,3,4,100,88,Wednesday,10
887,3,10,90,88,Wednesday,10
888,4,5,80,66,Wednesday,10
889,4,6,80,66,Wednesday,10
890,5,8,60,42,Wednesday,10
891,5,12,100,88,Wednesday,10
892,6,7,120,114,Wednesday,10
893,7,9,60,58,Wednesday,10
894,8,9,140,113,Wednesday,10
895,9,11,120,101,Wednesday,10
896,9,13,140,112,Wednesday,10
897,10,11,80,75,Wednesday,10
898,10,13,70,68,Wednesday,10
899,11,12,110,85,Wednesday,10
900,0,1,90,77,Wednesday,12
901,0,2,140,122,Wednesday,12
902,0,3,130,109,Wednesday,12
903,1,2,140,136,Wednesday,12
904,1,7,80,63,Wednesday,12
905,2,5,80,70,Wednesday,12
906,3,4,70,67,Wednesday,12
907,3,10,90,71,Wednesday,12
908,4,5,100,95,Wednesday,12
909,4,6,50,43,Wednesday,12
910,5,8,50,37,Wednesday,12
911,5,12,60,53,Wednesday,12
912,6,7,60,54,Wednesday,12
913,7,9,110,92,Wednesday,12
914,8,9,60,57,Wednesday,12
915,9,11,100,87,Wednesday,12
916,9,13,50,44,Wednesday,12
917,10,11,100,72,Wednesday,12
918,10,13,80,67,Wednesday,12
919,11,12,110,98,Wednesday,12
920,0,1,80,77,Wednesday,14
921,0,2,80,68,Wednesday,14
922,0,3,120,99,Wednesday,14
923,1,2,110,91,Wednesday,14
924,1,7,130,91,Wednesday,14
925,2,5,100,72,Wednesday,14
926,3,4,70,51,Wednesday,14
927,3,10,130,105,Wednesday,14
928,4,5,90,86,Wednesday,14
929,4,6,110,105,Wednesday,14
930,5,8,120,103,Wednesday,14
931,5,12,130,118,Wednesday,14
932,6,7,140,139,Wednesday,14
933,7,9,90,84,Wednesday,14
934,8,9,60,47,Wednesday,14
935,9,11,140,139,Wednesday,14
936,9,13,70,60,Wednesday,14
937,10,11,130,119,Wednesday,14
938,10,13,100,75,Wednesday,14
939,11,12,50,48,Wednesday,14
940,0,1,120,108,Wednesday,16
941,0,2,120,97,Wednesday,16
942,0,3,90,74,Wednesday,16
943,1,2,90,82,Wednesday,16
944,1,7,100,73,Wednesday,16
945,2,5,60,59,Wednesday,16
946,3,4,70,56,Wednesday,16
947,3,10,90,64,Wednesday,16
948,4,5,130,108,Wednesday,16
949,4,6,110,107,Wednesday,16
950,5,8,140,125,Wednesday,16
951,5,12,120,119,Wednesday,16
952,6,7,100,89,Wednesday,16
953,7,9,120,105,Wednesday,16
954,8,9,50,46,Wednesday,16
955,9,11,140,118,Wednesday,16
956,9,13,50,49,Wednesday,16
957,10,11,90,75,Wednesday,16
958,10,13,90,83,Wednesday,16
959,11,12,70,50,Wednesday,16
960,0,1,70,65,Wednesday,18
961,0,2,120,96,Wednesday,18
962,0,3,60,55,Wednesday,18
963,1,2,100,94,Wednesday,18
964,1,7,110,80,Wednesday,18
965,2,5,130,106,Wednesday,18
966,3,4,90,71,Wednesday,18
967,3,10,130,95,Wednesday,18
968,4,5,100,89,Wednesday,18
969,4,6,100,79,Wednesday,18
970,5,8,100,97,Wednesday,18
971,5,12,60,52,Wednesday,18
972,6,7,110,90,Wednesday,18
973,7,9,120,102,Wednesday,18
974,8,9,130,102,Wednesday,18
975,9,11,110,104,Wednesday,18
976,9,13,120,110,Wednesday,18
977,10,11,140,136,Wednesday,18
978,10,13,140,115,Wednesday,18
979,11,12,70,53,Wednesday,18
980,0,1,100,77,Wednesday,20
981,0,2,60,46,Wednesday,20
982,0,3,140,103,Wednesday,20
983,1,2,100,72,Wednesday,20
984,1,7,140,81,Wednesday,20
985,2,5,120,93,Wednesday,20
986,3,4,140,71,Wednesday,20
987,3,10,140,96,Wednesday,20
988,4,5,140,89,Wednesday,20
989,4,6,90,51,Wednesday,20
990,5,8,130,80,Wednesday,20
991,5,12,120,73,Wednesday,20
992,6,7,70,44,Wednesday,20
993,7,9,100,55,Wednesday,20
994,8,9,110,81,Wednesday,20
995,9,11,110,84,Wednesday,20
996,9,13,90,53,Wednesday,20
997,10,11,140,98,Wednesday,20
998,10,13,140,89,Wednesday,20
999,11,12,110,65,Wednesday,20
1000,0,1,60,35,Wednesday,22
1001,0,2,110,71,Wednesday,22
1002,0,3,90,54,Wednesday,22
1003,1,2,110,76,Wednesday,22
1004,1,7,60,43,Wednesday,22
1005,2,5,60,41,Wednesday,22
1006,3,4,100,78,Wednesday,22
1007,3,10,120,71,Wednesday,22
1008,4,5,130,87,Wednesday,22
1009,4,6,90,62,Wednesday,22
1010,5,8,110,64,Wednesday,22
1011,5,12,90,66,Wednesday,22
1012,6,7,120,80,Wednesday,22
1013,7,9,130,86,Wednesday,22
1014,8,9,70,38,Wednesday,22
1015,9,11,50,32,Wednesday,22
1016,9,13,140,104,Wednesday,22
1017,10,11,60,31,Wednesday,22
1018,10,13,100,53,Wednesday,22
1019,11,12,60,35,Wednesday,22
1020,0,1,110,58,Wednesday,24
1021,0,2,140,108,Wednesday,24
1022,0,3,100,76,Wednesday,24
1023,1,2,120,81,Wednesday,24
1024,1,7,130,83,Wednesday,24
1025,2,5,90,57,Wednesday,24
1026,3,4,70,55,Wednesday,24
1027,3,10,50,39,Wednesday,24
1028,4,5,100,60,Wednesday,24
1029,4,6,60,37,Wednesday,24
1030,5,8,100,63,Wednesday,24
1031,5,12,110,83,Wednesday,24
1032,6,7,70,49,Wednesday,24
1033,7,9,80,56,Wednesday,24
1034,8,9,90,50,Wednesday,24
1035,9,11,50,39,Wednesday,24
1036,9,13,60,41,Wednesday,24
1037,10,11,70,46,Wednesday,24
1038,10,13,120,90,Wednesday,24
1039,11,12,100,68,Wednesday,24
1040,0,1,70,54,Thrusday,0
1041,0,2,140,90,Thrusday,0
1042,0,3,90,52,Thrusday,0
1043,1,2,60,33,Thrusday,0
1044,1,7,110,72,Thrusday,0
1045,2,5,80,54,Thrusday,0
1046,3,4,70,47,Thrusday,0
1047,3,10,130,81,Thrusday,0
1048,4,5,50,25,Thrusday,0
1049,4,6,80,62,Thrusday,0
1050,5,8,120,81,Thrusday,0
1051,5,12,70,49,Thrusday,0
1052,6,7,70,39,Thrusday,0
1053,7,9,140,103,Thrusday,0
1054,8,9,80,57,Thrusday,0
1055,9,11,130,77,Thrusday,0
1056,9,13,70,45,Thrusday,0
1057,10,11,130,75,Thrusday,0
1058,10,13,130,65,Thrusday,0
1059,11,12,100,52,Thrusday,0
1060,0,1,110,61,Thrusday,2
1061,0,2,110,87,Thrusday,2
1062,0,3,70,42,Thrusday,2
1063,1,2,120,80,Thrusday,2
1064,1,7,50,28,Thrusday,2
1065,2,5,120,76,Thrusday,2
1066,3,4,60,36,Thrusday,2
1067,3,10,110,71,Thrusday,2
1068,4,5,140,90,Thrusday,2
1069,4,6,140,106,Thrusday,2
1070,5,8,120,67,Thrusday,2
1071,5,12,110,65,Thrusday,2
1072,6,7,120,69,Thrusday,2
1073,7,9,90,53,Thrusday,2
1074,8,9,130,95,Thrusday,2
1075,9,11,70,48,Thrusday,2
1076,9,13,70,51,Thrusday,2
1077,10,11,120,60,Thrusday,2
1078,10,13,80,50,Thrusday,2
1079,11,12,120,84,Thrusday,2
1080,0,1,140,90,Thrusday,4
1081,0,2,130,92,Thrusday,4
1082,0,3,130,73,Thrusday,4
1083,1,2,90,67,Thrusday,4
1084,1,7,50,38,Thrusday,4
1085,2,5,90,56,Thrusday,4
1086,3,4,70,40,Thrusday,4
1087,3,10,140,96,Thrusday,4
1088,4,5,120,61,Thrusday,4
1089,4,6,70,53,Thrusday,4
1090,5,8,140,79,Thrusday,4
1091,5,12,120,63,Thrusday,4
1092,6,7,60,40,Thrusday,4
1093,7,9,80,52,Thrusday,4
1094,8,9,80,62,Thrusday,4
1095,9,11,100,53,Thrusday,4
1096,9,13,120,69,Thrusday,4
1097,10,11,110,87,Thrusday,4
1098,10,13,80,61,Thrusday,4
1099,11,12,60,41,Thrusday,4
1100,0,1,60,35,Thrusday,6
1101,0,2,110,75,Thrusday,6
1102,0,3,90,48,Thrusday,6
1103,1,2,50,35,Thrusday,6
1104,1,7,130,67,Thrusday,6
1105,2,5,80,61,Thrusday,6
1106,3,4,120,85,Thrusday,6
1107,3,10,130,71,Thrusday,6
1108,4,5,130,72,Thrusday,6
1109,4,6,90,59,Thrusday,6
1110,5,8,50,29,Thrusday,6
1111,5,12,80,61,Thrusday,6
1112,6,7,50,28,Thrusday,6
1113,7,9,100,58,Thrusday,6
1114,8,9,70,38,Thrusday,6
1115,9,11,140,76,Thrusday,6
1116,9,13,70,51,Thrusday,6
1117,10,11,120,78,Thrusday,6
1118,10,13,130,85,Thrusday,6
1119,11,12,60,40,Thrusday,6
1120,0,1,60,40,Thrusday,8
1121,0,2,100,57,Thrusday,8
1122,0,3,60,37,Thrusday,8
1123,1,2,110,86,Thrusday,8
1124,1,7,120,83,Thrusday,8
1125,2,5,50,35,Thrusday,8
1126,3,4,60,47,Thrusday,8
1127,3,10,110,55,Thrusday,8
1128,4,5,80,50,Thrusday,8
1129,4,6,50,35,Thrusday,8
1130,5,8,60,42,Thrusday,8
1131,5,12,70,36,Thrusday,8
1132,6,7,110,77,Thrusday,8
1133,7,9,130,76,Thrusday,8
1134,8,9,80,57,Thrusday,8
1135,9,11,60,36,Thrusday,8
1136,9,13,100,65,Thrusday,8
1137,10,11,120,66,Thrusday,8
1138,10,13,80,40,Thrusday,8
1139,11,12,140,97,Thrusday,8
1140,0,1,90,71,Thrusday,10
1141,0,2,90,82,Thrusday,10
1142,0,3,100,79,Thrusday,10
1143,1,2,80,64,Thrusday,10
1144,1,7,130,119,Thrusday,10
1145,2,5,60,48,Thrusday,10
1146,3,4,100,71,Thrusday,10
1147,3,10,50,41,Thrusday,10
1148,4,5,100,79,Thrusday,10
1149,4,6,80,76,Thrusday,10
1150,5,8,100,89,Thrusday,10
1151,5,12,90,71,Thrusday,10
1152,6,7,140,120,Thrusday,10
1153,7,9,140,139,Thrusday,10
1154,8,9,70,67,Thrusday,10
1155,9,11,70,66,Thrusday,10
1156,9,13,60,59,Thrusday,10
1157,10,11,60,50,Thrusday,10
1158,10,13,60,50,Thrusday,10
1159,11,12,120,106,Thrusday,10
1160,0,1,130,112,Thrusday,12
1161,0,2,90,78,Thrusday,12
1162,0,3,50,43,Thrusday,12
1163,1,2,100,73,Thrusday,12
1164,1,7,70,67,Thrusday,12
1165,2,5,110,100,Thrusday,12
1166,3,4,110,108,Thrusday,12
1167,3,10,100,78,Thrusday,12
1168,4,5,120,113,Thrusday,12
1169,4,6,110,108,Thrusday,12
1170,5,8,80,69,Thrusday,12
1171,5,12,70,57,Thrusday,12
1172,6,7,120,113,Thrusday,12
1173,7,9,80,67,Thrusday,12
1174,8,9,90,65,Thrusday,12
1175,9,11,110,108,Thrusday,12
1176,9,13,80,61,Thrusday,12
1177,10,11,60,50,Thrusday,12
1178,10,13,110,85,Thrusday,12
1179,11,12,50,40,Thrusday,12
1180,0,1,120,91,Thrusday,14
1181,0,2,110,92,Thrusday,14
1182,0,3,110,97,Thrusday,14
1183,1,2,110,87,Thrusday,14
1184,1,7,60,53,Thrusday,14
1185,2,5,100,95,Thrusday,14
1186,3,4,110,99,Thrusday,14
1187,3,10,140,109,Thrusday,14
1188,4,5,50,48,Thrusday,14
1189,4,6,120,117,Thrusday,14
1190,5,8,90,66,Thrusday,14
1191,5,12,130,123,Thrusday,14
1192,6,7,60,49,Thrusday,14
1193,7,9,140,100,Thrusday,14
1194,8,9,100,85,Thrusday,14
1195,9,11,130,112,Thrusday,14
1196,9,13,70,55,Thrusday,14
1197,10,11,100,88,Thrusday,14
1198,10,13,130,99,Thrusday,14
1199,11,12,130,121,Thrusday,14
1200,0,1,140,124,Thrusday,16
1201,0,2,60,58,Thrusday,16
1202,0,3,70,66,Thrusday,16
1203,1,2,110,105,Thrusday,16
1204,1,7,130,128,Thrusday,16
1205,2,5,130,100,Thrusday,16
1206,3,4,60,44,Thrusday,16
1207,3,10,80,68,Thrusday,16
1208,4,5,60,58,Thrusday,16
1209,4,6,120,97,Thrusday,16
1210,5,8,140,110,Thrusday,16
1211,5,12,70,61,Thrusday,16
1212,6,7,60,54,Thrusday,16
1213,7,9,120,90,Thrusday,16
1214,8,9,90,71,Thrusday,16
1215,9,11,120,91,Thrusday,16
1216,9,13,80,57,Thrusday,16
1217,10,11,100,99,Thrusday,16
1218,10,13,50,44,Thrusday,16
1219,11,12,140,126,Thrusday,16
1220,0,1,140,133,Thrusday,18
1221,0,2,60,44,Thrusday,18
1222,0,3,80,61,Thrusday,18
1223,1,2,70,54,Thrusday,18
1224,1,7,70,62,Thrusday,18
1225,2,5,140,116,Thrusday,18
1226,3,4,140,120,Thrusday,18
1227,3,10,90,65,Thrusday,18
1228,4,5,140,125,Thrusday,18
1229,4,6,80,71,Thrusday,18
1230,5,8,60,50,Thrusday,18
1231,5,12,130,101,Thrusday,18
1232,6,7,50,38,Thrusday,18
1233,7,9,70,58,Thrusday,18
1234,8,9,130,114,Thrusday,18
1235,9,11,50,37,Thrusday,18
1236,9,13,100,97,Thrusday,18
1237,10,11,60,53,Thrusday,18
1238,10,13,110,90,Thrusday,18
1239,11,12,100,77,Thrusday,18
1240,0,1,130,78,Thrusday,20
1241,0,2,100,64,Thrusday,20
1242,0,3,60,38,Thrusday,20
1243,1,2,130,90,Thrusday,20
1244,1,7,80,44,Thrusday,20
1245,2,5,80,60,Thrusday,20
1246,3,4,80,57,Thrusday,20
1247,3,10,140,79,Thrusday,20
1248,4,5,100,61,Thrusday,20
1249,4,6,140,102,Thrusday,20
1250,5,8,50,39,Thrusday,20
1251,5,12,100,77,Thrusday,20
1252,6,7,70,40,Thrusday,20
1253,7,9,140,91,Thrusday,20
1254,8,9,130,69,Thrusday,20
1255,9,11,130,95,Thrusday,20
1256,9,13,100,79,Thrusday,20
1257,10,11,130,102,Thrusday,20
1258,10,13,50,27,Thrusday,20
1259,11,12,100,67,Thrusday,20
1260,0,1,140,86,Thrusday,22
1261,0,2,120,61,Thrusday,22
1262,0,3,130,101,Thrusday,22
1263,1,2,60,34,Thrusday,22
1264,1,7,110,72,Thrusday,22
1265,2,5,120,75,Thrusday,22
1266,3,4,70,41,Thrusday,22
1267,3,10,50,32,Thrusday,22
1268,4,5,140,96,Thrusday,22
1269,4,6,90,55,Thrusday,22
1270,5,8,100,78,Thrusday,22
1271,5,12,100,55,Thrusday,22
1272,6,7,120,86,Thrusday,22
1273,7,9,130,80,Thrusday,22
1274,8,9,140,94,Thrusday,22
1275,9,11,120,95,Thrusday,22
1276,9,13,50,37,Thrusday,22
1277,10,11,110,66,Thrusday,22
1278,10,13,140,79,Thrusday,22
1279,11,12,140,107,Thrusday,22
1280,0,1,120,67,Thrusday,24
1281,0,2,120,71,Thrusday,24
1282,0,3,90,52,Thrusday,24
1283,1,2,70,54,Thrusday,24
1284,1,7,100,63,Thrusday,24
1285,2,5,140,90,Thrusday,24
1286,3,4,70,43,Thrusday,24
1287,3,10,70,44,Thrusday,24
1288,4,5,50,31,Thrusday,24
1289,4,6,90,54,Thrusday,24
1290,5,8,80,53,Thrusday,24
1291,5,12,60,36,Thrusday,24
1292,6,7,50,38,Thrusday,24
1293,7,9,100,71,Thrusday,24
1294,8,9,120,73,Thrusday,24
1295,9,11,80,62,Thrusday,24
1296,9,13,130,102,Thrusday,24
1297,10,11,80,41,Thrusday,24
1298,10,13,80,47,Thrusday,24
1299,11,12,130,77,Thrusday,24
1300,0,1,100,54,Friday,0
1301,0,2,130,73,Friday,0
1302,0,3,130,85,Friday,0
1303,1,2,110,79,Friday,0
1304,1,7,70,46,Friday,0
1305,2,5,120,88,Friday,0
1306,3,4,60,37,Friday,0
1307,3,10,90,55,Friday,0
1308,4,5,90,48,Friday,0
1309,4,6,140,96,Friday,0
1310,5,8,50,29,Friday,0
1311,5,12,130,89,Friday,0
1312,6,7,50,32,Friday,0
1313,7,9,140,99,Friday,0
1314,8,9,70,44,Friday,0
1315,9,11,80,62,Friday,0
1316,9,13,50,31,Friday,0
1317,10,11,50,37,Friday,0
1318,10,13,60,31,Friday,0
1319,11,12,140,90,Friday,0
1320,0,1,80,57,Friday,2
1321,0,2,120,88,Friday,2
1322,0,3,140,79,Friday,2
1323,1,2,80,46,Friday,2
1324,1,7,130,86,Friday,2
1325,2,5,90,59,Friday,2
1326,3,4,100,55,Friday,2
1327,3,10,120,82,Friday,2
1328,4,5,100,79,Friday,2
1329,4,6,70,38,Friday,2
1330,5,8,90,66,Friday,2
1331,5,12,130,88,Friday,2
1332,6,7,130,77,Friday,2
1333,7,9,90,50,Friday,2
1334,8,9,50,28,Friday,2
1335,9,11,90,48,Friday,2
1336,9,13,70,52,Friday,2
1337,10,11,120,66,Friday,2
1338,10,13,60,45,Friday,2
1339,11,12,80,63,Friday,2
1340,0,1,80,50,Friday,4
1341,0,2,70,42,Friday,4
1342,0,3,50,38,Friday,4
1343,1,2,90,70,Friday,4
1344,1,7,70,35,Friday,4
1345,2,5,120,92,Friday,4
1346,3,4,60,41,Friday,4
1347,3,10,110,69,Friday,4
1348,4,5,110,80,Friday,4
1349,4,6,60,33,Friday,4
1350,5,8,70,54,Friday,4
1351,5,12,140,71,Friday,4
1352,6,7,140,76,Friday,4
1353,7,9,110,84,Friday,4
1354,8,9,90,63,Friday,4
1355,9,11,50,34,Friday,4
1356,9,13,120,63,Friday,4
1357,10,11,70,47,Friday,4
1358,10,13,60,46,Friday,4
1359,11,12,100,51,Friday,4
1360,0,1,120,79,Friday,6
1361,0,2,50,27,Friday,6
1362,0,3,140,76,Friday,6
1363,1,2,120,86,Friday,6
1364,1,7,60,32,Friday,6
1365,2,5,130,101,Friday,6
1366,3,4,70,44,Friday,6
1367,3,10,50,32,Friday,6
1368,4,5,110,61,Friday,6
1369,4,6,90,46,Friday,6
1370,5,8,60,45,Friday,6
1371,5,12,140,72,Friday,6
1372,6,7,140,106,Friday,6
1373,7,9,60,39,Friday,6
1374,8,9,110,85,Friday,6
1375,9,11,50,28,Friday,6
1376,9,13,80,59,Friday,6
1377,10,11,140,101,Friday,6
1378,10,13,120,72,Friday,6
1379,11,12,130,82,Friday,6
1380,0,1,70,51,Friday,8
1381,0,2,100,55,Friday,8
1382,0,3,60,32,Friday,8
1383,1,2,60,41,Friday,8
1384,1,7,80,50,Friday,8
1385,2,5,120,80,Friday,8
1386,3,4,100,79,Friday,8
1387,3,10,70,55,Friday,8
1388,4,5,50,38,Friday,8
1389,4,6,90,62,Friday,8
1390,5,8,120,83,Friday,8
1391,5,12,140,78,Friday,8
1392,6,7,60,40,Friday,8
1393,7,9,130,66,Friday,8
1394,8,9,100,53,Friday,8
1395,9,11,90,51,Friday,8
1396,9,13,140,101,Friday,8
1397,10,11,120,86,Friday,8
1398,10,13,50,32,Friday,8
1399,11,12,60,38,Friday,8
1400,0,1,100,77,Friday,10
1401,0,2,140,123,Friday,10
1402,0,3,120,111,Friday,10
1403,1,2,140,128,Friday,10
1404,1,7,120,103,Friday,10
1405,2,5,130,97,Friday,10
1406,3,4,100,85,Friday,10
1407,3,10,90,84,Friday,10
1408,4,5,120,102,Friday,10
1409,4,6,130,114,Friday,10
1410,5,8,140,112,Friday,10
1411,5,12,120,91,Friday,10
1412,6,7,110,97,Friday,10
1413,7,9,60,42,Friday,10
1414,8,9,50,40,Friday,10
1415,9,11,50,45,Friday,10
1416,9,13,80,76,Friday,10
1417,10,11,110,82,Friday,10
1418,10,13,120,100,Friday,10
1419,11,12,80,74,Friday,10
1420,0,1,60,45,Friday,12
1421,0,2,60,53,Friday,12
1422,0,3,130,109,Friday,12
1423,1,2,50,41,Friday,12
1424,1,7,50,47,Friday,12
1425,2,5,70,58,Friday,12
1426,3,4,80,69,Friday,12
1427,3,10,110,109,Friday,12
1428,4,5,140,100,Friday,12
1429,4,6,120,104,Friday,12
1430,5,8,110,89,Friday,12
1431,5,12,80,60,Friday,12
1432,6,7,120,89,Friday,12
1433,7,9,130,100,Friday,12
1434,8,9,110,91,Friday,12
1435,9,11,60,59,Friday,12
1436,9,13,110,103,Friday,12
1437,10,11,70,62,Friday,12
1438,10,13,70,58,Friday,12
1439,11,12,60,58,Friday,12
1440,0,1,60,44,Friday,14
1441,0,2,110,87,Friday,14
1442,0,3,110,91,Friday,14
1443,1,2,110,78,Friday,14
1444,1,7,50,47,Friday,14
1445,2,5,130,124,Friday,14
1446,3,4,110,91,Friday,14
1447,3,10,100,75,Friday,14
1448,4,5,110,88,Friday,14
1449,4,6,140,117,Friday,14
1450,5,8,100,81,Friday,14
1451,5,12,50,48,Friday,14
1452,6,7,80,79,Friday,14
1453,7,9,80,59,Friday,14
1454,8,9,100,75,Friday,14
1455,9,11,120,113,Friday,14
1456,9,13,80,62,Friday,14
1457,10,11,80,67,Friday,14
1458,10,13,140,123,Friday,14
1459,11,12,120,94,Friday,14
1460,0,1,140,105,Friday,16
1461,0,2,120,104,Friday,16
1462,0,3,50,36,Friday,16
1463,1,2,130,118,Friday,16
1464,1,7,60,46,Friday,16
1465,2,5,50,46,Friday,16
1466,3,4,140,124,Friday,16
1467,3,10,80,74,Friday,16
1468,4,5,80,70,Friday,16
1469,4,6,120,107,Friday,16
1470,5,8,60,53,Friday,16
1471,5,12,110,90,Friday,16
1472,6,7,70,55,Friday,16
1473,7,9,60,56,Friday,16
1474,8,9,50,38,Friday,16
1475,9,11,120,116,Friday,16
1476,9,13,80,68,Friday,16
1477,10,11,50,49,Friday,16
1478,10,13,70,50,Friday,16
1479,11,12,130,129,Friday,16
1480,0,1,120,111,Friday,18
1481,0,2,100,97,Friday,18
1482,0,3,130,91,Friday,18
1483,1,2,110,103,Friday,18
1484,1,7,50,39,Friday,18
1485,2,5,90,89,Friday,18
1486,3,4,130,99,Friday,18
1487,3,10,140,139,Friday,18
1488,4,5,120,86,Friday,18
1489,4,6,70,60,Friday,18
1490,5,8,130,101,Friday,18
1491,5,12,140,99,Friday,18
1492,6,7,80,56,Friday,18
1493,7,9,90,83,Friday,18
1494,8,9,80,57,Friday,18
1495,9,11,60,48,Friday,18
1496,9,13,70,61,Friday,18
1497,10,11,60,53,Friday,18
1498,10,13,130,96,Friday,18
1499,11,12,50,41,Friday,18
1500,0,1,130,96,Friday,20
1501,0,2,50,33,Friday,20
1502,0,3,140,111,Friday,20
1503,1,2,110,59,Friday,20
1504,1,7,50,34,Friday,20
1505,2,5,60,36,Friday,20
1506,3,4,100,58,Friday,20
1507,3,10,70,35,Friday,20
1508,4,5,70,53,Friday,20
1509,4,6,100,77,Friday,20
1510,5,8,110,76,Friday,20
1511,5,12,100,75,Friday,20
1512,6,7,90,71,Friday,20
1513,7,9,50,37,Friday,20
1514,8,9,140,87,Friday,20
1515,9,11,70,51,Friday,20
1516,9,13,100,55,Friday,20
1517,10,11,140,104,Friday,20
1518,10,13,110,65,Friday,20
1519,11,12,90,57,Friday,20
1520,0,1,60,31,Friday,22
1521,0,2,120,78,Friday,22
1522,0,3,110,79,Friday,22
1523,1,2,120,60,Friday,22
1524,1,7,140,89,Friday,22
1525,2,5,130,86,Friday,22
1526,3,4,50,28,Friday,22
1527,3,10,140,96,Friday,22
1528,4,5,90,62,Friday,22
1529,4,6,110,55,Friday,22
1530,5,8,140,71,Friday,22
1531,5,12,50,29,Friday,22
1532,6,7,120,91,Friday,22
1533,7,9,110,77,Friday,22
1534,8,9,50,39,Friday,22
1535,9,11,110,59,Friday,22
1536,9,13,140,82,Friday,22
1537,10,11,60,33,Friday,22
1538,10,13,60,33,Friday,22
1539,11,12,120,67,Friday,22
1540,0,1,60,35,Friday,24
1541,0,2,110,75,Friday,24
1542,0,3,100,57,Friday,24
1543,1,2,120,92,Friday,24
1544,1,7,120,62,Friday,24
1545,2,5,80,59,Friday,24
1546,3,4,80,41,Friday,24
1547,3,10,60,46,Friday,24
1548,4,5,50,30,Friday,24
1549,4,6,140,110,Friday,24
1550,5,8,80,48,Friday,24
1551,5,12,130,81,Friday,24
1552,6,7,80,58,Friday,24
1553,7,9,120,83,Friday,24
1554,8,9,70,35,Friday,24
1555,9,11,70,51,Friday,24
1556,9,13,110,86,Friday,24
1557,10,11,120,62,Friday,24
1558,10,13,60,45,Friday,24
1559,11,12,110,62,Friday,24
1560,0,1,100,19,Saturday,0
1561,0,2,120,24,Saturday,0
1562,0,3,80,12,Saturday,0
1563,1,2,70,7,Saturday,0
1564,1,7,60,7,Saturday,0
1565,2,5,100,12,Saturday,0
1566,3,4,120,42,Saturday,0
1567,3,10,140,14,Saturday,0
1568,4,5,70,14,Saturday,0
1569,4,6,120,18,Saturday,0
1570,5,8,50,6,Saturday,0
1571,5,12,100,24,Saturday,0
1572,6,7,70,27,Saturday,0
1573,7,9,70,25,Saturday,0
1574,8,9,80,19,Saturday,0
1575,9,11,50,7,Saturday,0
1576,9,13,50,14,Saturday,0
1577,10,11,140,55,Saturday,0
1578,10,13,50,16,Saturday,0
1579,11,12,90,21,Saturday,0
1580,0,1,120,34,Saturday,2
1581,0,2,140,52,Saturday,2
1582,0,3,80,11,Saturday,2
1583,1,2,80,19,Saturday,2
1584,1,7,130,43,Saturday,2
1585,2,5,60,22,Saturday,2
1586,3,4,120,29,Saturday,2
1587,3,10,60,6,Saturday,2
1588,4,5,100,37,Saturday,2
1589,4,6,140,28,Saturday,2
1590,5,8,50,18,Saturday,2
1591,5,12,100,15,Saturday,2
1592,6,7,140,35,Saturday,2
1593,7,9,120,47,Saturday,2
1594,8,9,110,38,Saturday,2
1595,9,11,70,13,Saturday,2
1596,9,13,110,17,Saturday,2
1597,10,11,140,21,Saturday,2
1598,10,13,60,16,Saturday,2
1599,11,12,50,6,Saturday,2
1600,0,1,140,35,Saturday,4
1601,0,2,130,37,Saturday,4
1602,0,3,90,21,Saturday,4
1603,1,2,100,21,Saturday,4
1604,1,7,100,32,Saturday,4
1605,2,5,60,20,Saturday,4
1606,3,4,90,29,Saturday,4
1607,3,10,60,20,Saturday,4
1608,4,5,110,18,Saturday,4
1609,4,6,70,20,Saturday,4
1610,5,8,90,17,Saturday,4
1611,5,12,90,29,Saturday,4
1612,6,7,60,11,Saturday,4
1613,7,9,70,13,Saturday,4
1614,8,9,110,13,Saturday,4
1615,9,11,90,27,Saturday,4
1616,9,13,120,19,Saturday,4
1617,10,11,50,17,Saturday,4
1618,10,13,100,37,Saturday,4
1619,11,12,90,25,Saturday,4
1620,0,1,90,15,Saturday,6
1621,0,2,50,15,Saturday,6
1622,0,3,130,22,Saturday,6
1623,1,2,60,14,Saturday,6
1624,1,7,60,19,Saturday,6
1625,2,5,110,34,Saturday,6
1626,3,4,110,21,Saturday,6
1627,3,10,110,20,Saturday,6
1628,4,5,140,52,Saturday,6
1629,4,6,50,13,Saturday,6
1630,5,8,140,40,Saturday,6
1631,5,12,130,35,Saturday,6
1632,6,7,70,9,Saturday,6
1633,7,9,60,22,Saturday,6
1634,8,9,120,36,Saturday,6
1635,9,11,130,24,Saturday,6
1636,9,13,50,14,Saturday,6
1637,10,11,90,9,Saturday,6
1638,10,13,130,51,Saturday,6
1639,11,12,90,18,Saturday,6
1640,0,1,100,23,Saturday,8
1641,0,2,60,23,Saturday,8
1642,0,3,140,34,Saturday,8
1643,1,2,90,17,Saturday,8
1644,1,7,110,39,Saturday,8
1645,2,5,50,13,Saturday,8
1646,3,4,130,19,Saturday,8
1647,3,10,80,8,Saturday,8
1648,4,5,70,8,Saturday,8
1649,4,6,100,25,Saturday,8
1650,5,8,130,36,Saturday,8
1651,5,12,60,7,Saturday,8
1652,6,7,70,9,Saturday,8
1653,7,9,110,37,Saturday,8
1654,8,9,80,12,Saturday,8
1655,9,11,100,30,Saturday,8
1656,9,13,120,22,Saturday,8
1657,10,11,60,15,Saturday,8
1658,10,13,120,27,Saturday,8
1659,11,12,100,28,Saturday,8
1660,0,1,130,72,Saturday,10
1661,0,2,80,41,Saturday,10
1662,0,3,80,38,Saturday,10
1663,1,2,60,24,Saturday,10
1664,1,7,60,34,Saturday,10
1665,2,5,100,41,Saturday,10
1666,3,4,60,31,Saturday,10
1667,3,10,130,57,Saturday,10
1668,4,5,90,51,Saturday,10
1669,4,6,100,51,Saturday,10
1670,5,8,80,46,Saturday,10
1671,5,12,100,47,Saturday,10
1672,6,7,110,39,Saturday,10
1673,7,9,50,24,Saturday,10
1674,8,9,100,33,Saturday,10
1675,9,11,50,29,Saturday,10
1676,9,13,100,30,Saturday,10
1677,10,11,60,35,Saturday,10
1678,10,13,60,20,Saturday,10
1679,11,12,130,55,Saturday,10
1680,0,1,60,26,Saturday,12
1681,0,2,100,33,Saturday,12
1682,0,3,50,19,Saturday,12
1683,1,2,140,59,Saturday,12
1684,1,7,50,21,Saturday,12
1685,2,5,120,71,Saturday,12
1686,3,4,70,37,Saturday,12
1687,3,10,100,39,Saturday,12
1688,4,5,130,70,Saturday,12
1689,4,6,90,51,Saturday,12
1690,5,8,140,44,Saturday,12
1691,5,12,140,63,Saturday,12
1692,6,7,80,25,Saturday,12
1693,7,9,110,57,Saturday,12
1694,8,9,110,48,Saturday,12
1695,9,11,110,50,Saturday,12
1696,9,13,110,56,Saturday,12
1697,10,11,140,57,Saturday,12
1698,10,13,60,28,Saturday,12
1699,11,12,130,66,Saturday,12
1700,0,1,100,47,Saturday,14
1701,0,2,70,41,Saturday,14
1702,0,3,140,46,Saturday,14
1703,1,2,100,48,Saturday,14
1704,1,7,100,40,Saturday,14
1705,2,5,60,25,Saturday,14
1706,3,4,120,69,Saturday,14
1707,3,10,130,75,Saturday,14
1708,4,5,80,25,Saturday,14
1709,4,6,60,26,Saturday,14
1710,5,8,50,19,Saturday,14
1711,5,12,130,58,Saturday,14
1712,6,7,60,21,Saturday,14
1713,7,9,80,34,Saturday,14
1714,8,9,50,26,Saturday,14
1715,9,11,60,28,Saturday,14
1716,9,13,60,32,Saturday,14
1717,10,11,60,22,Saturday,14
1718,10,13,90,29,Saturday,14
1719,11,12,100,43,Saturday,14
1720,0,1,50,23,Saturday,16
1721,0,2,90,41,Saturday,16
1722,0,3,90,41,Saturday,16
1723,1,2,50,24,Saturday,16
1724,1,7,80,47,Saturday,16
1725,2,5,110,63,Saturday,16
1726,3,4,50,19,Saturday,16
1727,3,10,90,47,Saturday,16
1728,4,5,100,31,Saturday,16
1729,4,6,140,46,Saturday,16
1730,5,8,60,34,Saturday,16
1731,5,12,140,47,Saturday,16
1732,6,7,60,28,Saturday,16
1733,7,9,90,41,Saturday,16
1734,8,9,60,28,Saturday,16
1735,9,11,80,34,Saturday,16
1736,9,13,130,49,Saturday,16
1737,10,11,60,18,Saturday,16
1738,10,13,50,26,Saturday,16
1739,11,12,60,27,Saturday,16
1740,0,1,80,34,Saturday,18
1741,0,2,110,61,Saturday,18
1742,0,3,100,44,Saturday,18
1743,1,2,140,83,Saturday,18
1744,1,7,120,48,Saturday,18
1745,2,5,140,76,Saturday,18
1746,3,4,50,18,Saturday,18
1747,3,10,50,20,Saturday,18
1748,4,5,100,30,Saturday,18
1749,4,6,130,72,Saturday,18
1750,5,8,140,55,Saturday,18
1751,5,12,90,44,Saturday,18
1752,6,7,90,45,Saturday,18
1753,7,9,100,30,Saturday,18
1754,8,9,60,22,Saturday,18
1755,9,11,60,27,Saturday,18
1756,9,13,100,41,Saturday,18
1757,10,11,70,30,Saturday,18
1758,10,13,130,74,Saturday,18
1759,11,12,80,37,Saturday,18
1760,0,1,90,19,Saturday,20
1761,0,2,90,22,Saturday,20
1762,0,3,70,19,Saturday,20
1763,1,2,90,26,Saturday,20
1764,1,7,140,41,Saturday,20
1765,2,5,50,6,Saturday,20
1766,3,4,80,10,Saturday,20
1767,3,10,80,13,Saturday,20
1768,4,5,50,8,Saturday,20
1769,4,6,110,40,Saturday,20
1770,5,8,120,12,Saturday,20
1771,5,12,50,13,Saturday,20
1772,6,7,120,37,Saturday,20
1773,7,9,140,34,Saturday,20
1774,8,9,70,13,Saturday,20
1775,9,11,70,26,Saturday,20
1776,9,13,140,49,Saturday,20
1777,10,11,130,20,Saturday,20
1778,10,13,50,15,Saturday,20
1779,11,12,100,12,Saturday,20
1780,0,1,80,23,Saturday,22
1781,0,2,70,15,Saturday,22
1782,0,3,110,14,Saturday,22
1783,1,2,60,10,Saturday,22
1784,1,7,80,18,Saturday,22
1785,2,5,100,17,Saturday,22
1786,3,4,130,21,Saturday,22
1787,3,10,130,41,Saturday,22
1788,4,5,70,27,Saturday,22
1789,4,6,70,24,Saturday,22
1790,5,8,110,27,Saturday,22
1791,5,12,60,22,Saturday,22
1792,6,7,120,27,Saturday,22
1793,7,9,120,22,Saturday,22
1794,8,9,70,20,Saturday,22
1795,9,11,130,31,Saturday,22
1796,9,13,80,11,Saturday,22
1797,10,11,50,15,Saturday,22
1798,10,13,50,11,Saturday,22
1799,11,12,120,45,Saturday,22
1800,0,1,140,50,Saturday,24
1801,0,2,90,15,Saturday,24
1802,0,3,140,55,Saturday,24
1803,1,2,90,10,Saturday,24
1804,1,7,50,6,Saturday,24
1805,2,5,130,19,Saturday,24
1806,3,4,130,47,Saturday,24
1807,3,10,120,23,Saturday,24
1808,4,5,70,8,Saturday,24
1809,4,6,70,8,Saturday,24
1810,5,8,60,8,Saturday,24
1811,5,12,110,42,Saturday,24
1812,6,7,110,23,Saturday,24
1813,7,9,60,22,Saturday,24
1814,8,9,70,10,Saturday,24
1815,9,11,120,35,Saturday,24
1816,9,13,70,15,Saturday,24
1817,10,11,140,52,Saturday,24
1818,10,13,110,22,Saturday,24
1819,11,12,110,21,Saturday,24
